,month,day,hour,precp
0,6,1,0,0.0
1,6,1,1,0.0
2,6,1,2,0.0
3,6,1,3,1.5
4,6,1,4,0.05
5,6,1,5,0.0
6,6,1,6,0.0
7,6,1,7,0.0
8,6,1,8,0.0
9,6,1,9,0.0
10,6,1,10,0.0
11,6,1,11,0.0
12,6,1,12,0.0
13,6,1,13,0.0
14,6,1,14,0.0
15,6,1,15,0.0
16,6,1,16,0.0
17,6,1,17,0.0
18,6,1,18,0.0
19,6,1,19,0.0
20,6,1,20,0.0
21,6,1,21,1.0
22,6,1,22,0.0
23,6,1,23,0.0
24,6,2,0,0.0
25,6,2,1,0.0
26,6,2,2,0.0
27,6,2,3,0.0
28,6,2,4,0.0
29,6,2,5,0.0
30,6,2,6,0.0
31,6,2,7,1.5
32,6,2,8,0.5
33,6,2,9,0.0
34,6,2,10,0.0
35,6,2,11,0.0
36,6,2,12,0.0
37,6,2,13,0.0
38,6,2,14,0.0
39,6,2,15,0.0
40,6,2,16,0.0
41,6,2,17,0.0
42,6,2,18,0.0
43,6,2,19,0.0
44,6,2,20,0.0
45,6,2,21,0.0
46,6,2,22,0.0
47,6,2,23,0.0
48,6,3,0,0.0
49,6,3,1,0.0
50,6,3,2,0.0
51,6,3,3,0.0
52,6,3,4,0.0
53,6,3,5,0.0
54,6,3,6,0.0
55,6,3,7,0.0
56,6,3,8,0.0
57,6,3,9,0.0
58,6,3,10,0.0
59,6,3,11,0.0
60,6,3,12,0.0
61,6,3,13,0.0
62,6,3,14,0.0
63,6,3,15,0.0
64,6,3,16,0.0
65,6,3,17,0.0
66,6,3,18,0.0
67,6,3,19,0.0
68,6,3,20,0.0
69,6,3,21,0.0
70,6,3,22,0.0
71,6,3,23,0.0
72,6,4,0,0.0
73,6,4,1,0.0
74,6,4,2,0.0
75,6,4,3,0.0
76,6,4,4,0.0
77,6,4,5,0.0
78,6,4,6,0.0
79,6,4,7,0.0
80,6,4,8,0.0
81,6,4,9,12.5
82,6,4,10,2.5
83,6,4,11,1.5
84,6,4,12,0.05
85,6,4,13,0.0
86,6,4,14,0.5
87,6,4,15,2.5
88,6,4,16,0.05
89,6,4,17,0.0
90,6,4,18,0.0
91,6,4,19,0.0
92,6,4,20,0.0
93,6,4,21,0.0
94,6,4,22,0.0
95,6,4,23,0.0
96,6,5,0,0.0
97,6,5,1,0.0
98,6,5,2,0.0
99,6,5,3,0.0
100,6,5,4,0.0
101,6,5,5,0.0
102,6,5,6,0.0
103,6,5,7,0.0
104,6,5,8,0.0
105,6,5,9,0.0
106,6,5,10,0.0
107,6,5,11,0.0
108,6,5,12,0.0
109,6,5,13,0.0
110,6,5,14,0.0
111,6,5,15,0.0
112,6,5,16,0.0
113,6,5,17,0.0
114,6,5,18,0.0
115,6,5,19,0.0
116,6,5,20,0.0
117,6,5,21,0.0
118,6,5,22,0.0
119,6,5,23,0.0
120,6,6,0,0.0
121,6,6,1,0.0
122,6,6,2,0.0
123,6,6,3,0.0
124,6,6,4,0.0
125,6,6,5,0.0
126,6,6,6,0.0
127,6,6,7,0.0
128,6,6,8,0.0
129,6,6,9,0.0
130,6,6,10,0.0
131,6,6,11,0.0
132,6,6,12,0.0
133,6,6,13,0.0
134,6,6,14,0.0
135,6,6,15,0.0
136,6,6,16,0.0
137,6,6,17,0.0
138,6,6,18,0.0
139,6,6,19,0.0
140,6,6,20,0.0
141,6,6,21,0.0
142,6,6,22,0.0
143,6,6,23,0.0
144,6,7,0,0.0
145,6,7,1,0.0
146,6,7,2,0.0
147,6,7,3,0.0
148,6,7,4,0.0
149,6,7,5,0.0
150,6,7,6,0.0
151,6,7,7,0.0
152,6,7,8,0.0
153,6,7,9,0.0
154,6,7,10,0.0
155,6,7,11,0.0
156,6,7,12,0.0
157,6,7,13,0.0
158,6,7,14,0.0
159,6,7,15,0.0
160,6,7,16,0.0
161,6,7,17,0.0
162,6,7,18,0.0
163,6,7,19,0.0
164,6,7,20,0.0
165,6,7,21,0.0
166,6,7,22,0.0
167,6,7,23,0.0
168,6,8,0,0.0
169,6,8,1,0.0
170,6,8,2,0.0
171,6,8,3,0.0
172,6,8,4,0.0
173,6,8,5,0.0
174,6,8,6,0.0
175,6,8,7,0.0
176,6,8,8,0.0
177,6,8,9,0.0
178,6,8,10,0.0
179,6,8,11,0.0
180,6,8,12,0.0
181,6,8,13,0.0
182,6,8,14,0.0
183,6,8,15,0.0
184,6,8,16,0.0
185,6,8,17,0.0
186,6,8,18,0.0
187,6,8,19,0.0
188,6,8,20,0.0
189,6,8,21,0.0
190,6,8,22,0.0
191,6,8,23,0.0
192,6,9,0,0.0
193,6,9,1,0.0
194,6,9,2,0.0
195,6,9,3,0.0
196,6,9,4,0.0
197,6,9,5,0.0
198,6,9,6,0.0
199,6,9,7,0.05
200,6,9,8,0.0
201,6,9,9,0.0
202,6,9,10,0.0
203,6,9,11,0.05
204,6,9,12,1.0
205,6,9,13,0.0
206,6,9,14,0.5
207,6,9,15,0.05
208,6,9,16,0.0
209,6,9,17,0.0
210,6,9,18,0.0
211,6,9,19,0.0
212,6,9,20,0.0
213,6,9,21,0.0
214,6,9,22,0.0
215,6,9,23,0.0
216,6,10,0,0.0
217,6,10,1,0.0
218,6,10,2,0.0
219,6,10,3,0.0
220,6,10,4,0.5
221,6,10,5,0.0
222,6,10,6,0.0
223,6,10,7,0.0
224,6,10,8,0.0
225,6,10,9,0.0
226,6,10,10,0.0
227,6,10,11,0.0
228,6,10,12,0.0
229,6,10,13,2.5
230,6,10,14,9.5
231,6,10,15,2.0
232,6,10,16,0.5
233,6,10,17,2.5
234,6,10,18,0.0
235,6,10,19,0.0
236,6,10,20,0.0
237,6,10,21,0.0
238,6,10,22,0.0
239,6,10,23,0.0
240,6,11,0,0.0
241,6,11,1,0.0
242,6,11,2,2.5
243,6,11,3,0.0
244,6,11,4,0.0
245,6,11,5,0.5
246,6,11,6,1.5
247,6,11,7,0.0
248,6,11,8,10.0
249,6,11,9,34.0
250,6,11,10,34.5
251,6,11,11,27.5
252,6,11,12,0.05
253,6,11,13,0.0
254,6,11,14,3.5
255,6,11,15,0.0
256,6,11,16,0.0
257,6,11,17,0.0
258,6,11,18,0.0
259,6,11,19,0.0
260,6,11,20,0.0
261,6,11,21,0.0
262,6,11,22,0.0
263,6,11,23,0.0
264,6,12,0,0.0
265,6,12,1,0.5
266,6,12,2,0.05
267,6,12,3,2.0
268,6,12,4,6.0
269,6,12,5,2.0
270,6,12,6,8.0
271,6,12,7,1.5
272,6,12,8,14.0
273,6,12,9,2.0
274,6,12,10,0.05
275,6,12,11,0.0
276,6,12,12,0.0
277,6,12,13,0.0
278,6,12,14,0.0
279,6,12,15,0.0
280,6,12,16,0.0
281,6,12,17,0.0
282,6,12,18,0.0
283,6,12,19,0.0
284,6,12,20,0.0
285,6,12,21,0.0
286,6,12,22,0.0
287,6,12,23,0.0
288,6,13,0,0.0
289,6,13,1,0.0
290,6,13,2,0.0
291,6,13,3,0.0
292,6,13,4,0.0
293,6,13,5,0.0
294,6,13,6,0.5
295,6,13,7,1.5
296,6,13,8,0.0
297,6,13,9,2.0
298,6,13,10,0.0
299,6,13,11,0.0
300,6,13,12,0.0
301,6,13,13,0.0
302,6,13,14,5.5
303,6,13,15,0.0
304,6,13,16,0.0
305,6,13,17,0.0
306,6,13,18,0.0
307,6,13,19,2.5
308,6,13,20,2.5
309,6,13,21,0.5
310,6,13,22,2.0
311,6,13,23,0.5
312,6,14,0,0.0
313,6,14,1,4.0
314,6,14,2,0.0
315,6,14,3,7.0
316,6,14,4,0.5
317,6,14,5,0.5
318,6,14,6,5.5
319,6,14,7,4.0
320,6,14,8,3.0
321,6,14,9,0.0
322,6,14,10,0.0
323,6,14,11,0.0
324,6,14,12,0.0
325,6,14,13,0.0
326,6,14,14,0.0
327,6,14,15,0.0
328,6,14,16,0.0
329,6,14,17,0.0
330,6,14,18,0.0
331,6,14,19,0.0
332,6,14,20,0.0
333,6,14,21,0.0
334,6,14,22,0.0
335,6,14,23,0.0
336,6,15,0,0.0
337,6,15,1,0.0
338,6,15,2,0.0
339,6,15,3,0.0
340,6,15,4,0.0
341,6,15,5,0.0
342,6,15,6,0.0
343,6,15,7,0.0
344,6,15,8,0.0
345,6,15,9,0.0
346,6,15,10,0.0
347,6,15,11,0.0
348,6,15,12,0.0
349,6,15,13,0.0
350,6,15,14,0.0
351,6,15,15,0.0
352,6,15,16,0.0
353,6,15,17,0.0
354,6,15,18,0.0
355,6,15,19,0.0
356,6,15,20,0.0
357,6,15,21,0.0
358,6,15,22,0.0
359,6,15,23,0.0
360,6,16,0,0.0
361,6,16,1,0.0
362,6,16,2,0.0
363,6,16,3,0.0
364,6,16,4,0.0
365,6,16,5,0.0
366,6,16,6,0.0
367,6,16,7,0.0
368,6,16,8,0.0
369,6,16,9,0.0
370,6,16,10,0.0
371,6,16,11,0.0
372,6,16,12,0.0
373,6,16,13,0.0
374,6,16,14,0.0
375,6,16,15,0.0
376,6,16,16,0.0
377,6,16,17,0.0
378,6,16,18,0.0
379,6,16,19,0.0
380,6,16,20,0.0
381,6,16,21,0.0
382,6,16,22,0.0
383,6,16,23,0.0
384,6,17,0,0.0
385,6,17,1,0.0
386,6,17,2,0.0
387,6,17,3,0.0
388,6,17,4,0.0
389,6,17,5,0.0
390,6,17,6,0.0
391,6,17,7,0.0
392,6,17,8,0.0
393,6,17,9,0.0
394,6,17,10,0.0
395,6,17,11,0.0
396,6,17,12,0.0
397,6,17,13,0.0
398,6,17,14,0.0
399,6,17,15,0.0
400,6,17,16,0.0
401,6,17,17,0.0
402,6,17,18,0.0
403,6,17,19,0.0
404,6,17,20,0.0
405,6,17,21,0.0
406,6,17,22,0.0
407,6,17,23,0.0
408,6,18,0,0.0
409,6,18,1,0.0
410,6,18,2,0.0
411,6,18,3,0.0
412,6,18,4,0.0
413,6,18,5,0.0
414,6,18,6,0.0
415,6,18,7,0.0
416,6,18,8,0.0
417,6,18,9,0.0
418,6,18,10,0.0
419,6,18,11,0.0
420,6,18,12,0.0
421,6,18,13,0.0
422,6,18,14,0.0
423,6,18,15,0.0
424,6,18,16,0.0
425,6,18,17,0.0
426,6,18,18,0.0
427,6,18,19,0.0
428,6,18,20,0.0
429,6,18,21,0.0
430,6,18,22,0.0
431,6,18,23,0.0
432,6,19,0,0.0
433,6,19,1,0.0
434,6,19,2,0.0
435,6,19,3,0.0
436,6,19,4,0.0
437,6,19,5,0.0
438,6,19,6,0.0
439,6,19,7,0.0
440,6,19,8,0.0
441,6,19,9,0.0
442,6,19,10,0.0
443,6,19,11,0.0
444,6,19,12,0.0
445,6,19,13,0.0
446,6,19,14,0.0
447,6,19,15,0.0
448,6,19,16,0.0
449,6,19,17,0.0
450,6,19,18,0.0
451,6,19,19,0.0
452,6,19,20,0.0
453,6,19,21,0.0
454,6,19,22,0.0
455,6,19,23,0.0
456,6,20,0,0.0
457,6,20,1,0.0
458,6,20,2,0.0
459,6,20,3,0.0
460,6,20,4,0.0
461,6,20,5,0.0
462,6,20,6,0.0
463,6,20,7,0.0
464,6,20,8,0.0
465,6,20,9,0.0
466,6,20,10,0.0
467,6,20,11,0.0
468,6,20,12,0.0
469,6,20,13,0.0
470,6,20,14,0.0
471,6,20,15,0.0
472,6,20,16,0.0
473,6,20,17,0.0
474,6,20,18,0.0
475,6,20,19,0.0
476,6,20,20,0.0
477,6,20,21,0.0
478,6,20,22,0.0
479,6,20,23,0.0
480,6,21,0,0.0
481,6,21,1,0.0
482,6,21,2,0.0
483,6,21,3,0.0
484,6,21,4,0.0
485,6,21,5,0.0
486,6,21,6,0.0
487,6,21,7,0.0
488,6,21,8,0.0
489,6,21,9,0.0
490,6,21,10,0.0
491,6,21,11,0.0
492,6,21,12,0.0
493,6,21,13,0.0
494,6,21,14,0.0
495,6,21,15,0.0
496,6,21,16,0.0
497,6,21,17,0.0
498,6,21,18,0.0
499,6,21,19,0.0
500,6,21,20,0.0
501,6,21,21,0.0
502,6,21,22,0.0
503,6,21,23,0.0
504,6,22,0,0.0
505,6,22,1,0.0
506,6,22,2,0.0
507,6,22,3,0.0
508,6,22,4,0.0
509,6,22,5,0.0
510,6,22,6,0.0
511,6,22,7,0.0
512,6,22,8,0.0
513,6,22,9,0.0
514,6,22,10,0.0
515,6,22,11,0.0
516,6,22,12,0.0
517,6,22,13,0.0
518,6,22,14,0.0
519,6,22,15,0.0
520,6,22,16,0.0
521,6,22,17,0.0
522,6,22,18,0.0
523,6,22,19,0.0
524,6,22,20,0.0
525,6,22,21,0.0
526,6,22,22,0.0
527,6,22,23,0.0
528,6,23,0,0.0
529,6,23,1,0.0
530,6,23,2,0.0
531,6,23,3,2.0
532,6,23,4,0.0
533,6,23,5,0.0
534,6,23,6,0.0
535,6,23,7,0.0
536,6,23,8,0.0
537,6,23,9,0.0
538,6,23,10,0.0
539,6,23,11,0.0
540,6,23,12,0.5
541,6,23,13,0.0
542,6,23,14,0.0
543,6,23,15,0.5
544,6,23,16,12.5
545,6,23,17,0.5
546,6,23,18,0.0
547,6,23,19,0.0
548,6,23,20,0.0
549,6,23,21,0.0
550,6,23,22,0.0
551,6,23,23,0.0
552,6,24,0,0.0
553,6,24,1,0.0
554,6,24,2,0.0
555,6,24,3,0.0
556,6,24,4,0.0
557,6,24,5,0.0
558,6,24,6,0.0
559,6,24,7,4.0
560,6,24,8,0.0
561,6,24,9,0.0
562,6,24,10,0.0
563,6,24,11,0.0
564,6,24,12,0.0
565,6,24,13,0.0
566,6,24,14,0.0
567,6,24,15,0.0
568,6,24,16,0.0
569,6,24,17,0.5
570,6,24,18,0.5
571,6,24,19,0.05
572,6,24,20,0.0
573,6,24,21,0.0
574,6,24,22,0.05
575,6,24,23,0.0
576,6,25,0,0.0
577,6,25,1,0.0
578,6,25,2,0.0
579,6,25,3,0.0
580,6,25,4,0.0
581,6,25,5,0.0
582,6,25,6,0.0
583,6,25,7,0.0
584,6,25,8,0.0
585,6,25,9,0.5
586,6,25,10,11.5
587,6,25,11,3.0
588,6,25,12,0.5
589,6,25,13,0.0
590,6,25,14,0.0
591,6,25,15,0.0
592,6,25,16,0.0
593,6,25,17,0.0
594,6,25,18,0.0
595,6,25,19,0.0
596,6,25,20,0.0
597,6,25,21,0.0
598,6,25,22,0.0
599,6,25,23,0.0
600,6,26,0,0.0
601,6,26,1,0.0
602,6,26,2,0.0
603,6,26,3,0.0
604,6,26,4,0.0
605,6,26,5,0.0
606,6,26,6,0.0
607,6,26,7,0.0
608,6,26,8,0.5
609,6,26,9,0.5
610,6,26,10,0.05
611,6,26,11,0.5
612,6,26,12,0.05
613,6,26,13,0.0
614,6,26,14,0.0
615,6,26,15,0.0
616,6,26,16,0.0
617,6,26,17,0.0
618,6,26,18,0.0
619,6,26,19,0.0
620,6,26,20,0.0
621,6,26,21,0.0
622,6,26,22,0.0
623,6,26,23,0.0
624,6,27,0,0.0
625,6,27,1,0.0
626,6,27,2,0.0
627,6,27,3,0.0
628,6,27,4,0.0
629,6,27,5,0.0
630,6,27,6,0.0
631,6,27,7,0.0
632,6,27,8,0.0
633,6,27,9,0.0
634,6,27,10,0.0
635,6,27,11,0.5
636,6,27,12,0.05
637,6,27,13,0.0
638,6,27,14,0.0
639,6,27,15,0.0
640,6,27,16,0.0
641,6,27,17,0.0
642,6,27,18,0.0
643,6,27,19,0.0
644,6,27,20,0.0
645,6,27,21,0.0
646,6,27,22,0.0
647,6,27,23,0.0
648,6,28,0,0.0
649,6,28,1,0.0
650,6,28,2,0.0
651,6,28,3,0.0
652,6,28,4,0.0
653,6,28,5,0.0
654,6,28,6,0.0
655,6,28,7,0.0
656,6,28,8,0.0
657,6,28,9,0.0
658,6,28,10,0.0
659,6,28,11,0.0
660,6,28,12,0.0
661,6,28,13,0.0
662,6,28,14,0.0
663,6,28,15,0.0
664,6,28,16,0.0
665,6,28,17,0.0
666,6,28,18,0.0
667,6,28,19,0.0
668,6,28,20,0.0
669,6,28,21,0.0
670,6,28,22,0.0
671,6,28,23,0.0
672,6,29,0,0.0
673,6,29,1,0.0
674,6,29,2,0.0
675,6,29,3,0.0
676,6,29,4,0.0
677,6,29,5,0.0
678,6,29,6,0.0
679,6,29,7,0.0
680,6,29,8,0.0
681,6,29,9,0.0
682,6,29,10,0.0
683,6,29,11,0.0
684,6,29,12,0.0
685,6,29,13,0.0
686,6,29,14,0.0
687,6,29,15,0.0
688,6,29,16,0.0
689,6,29,17,0.0
690,6,29,18,0.0
691,6,29,19,0.0
692,6,29,20,0.0
693,6,29,21,0.0
694,6,29,22,0.0
695,6,29,23,0.0
696,6,30,0,0.0
697,6,30,1,0.0
698,6,30,2,0.0
699,6,30,3,0.0
700,6,30,4,0.0
701,6,30,5,0.0
702,6,30,6,0.0
703,6,30,7,0.0
704,6,30,8,0.0
705,6,30,9,0.0
706,6,30,10,0.0
707,6,30,11,0.0
708,6,30,12,0.0
709,6,30,13,0.0
710,6,30,14,0.0
711,6,30,15,0.0
712,6,30,16,0.0
713,6,30,17,0.0
714,6,30,18,0.0
715,6,30,19,0.0
716,6,30,20,0.0
717,6,30,21,0.0
718,6,30,22,0.0
719,6,30,23,0.0
720,7,1,0,0.0
721,7,1,1,0.0
722,7,1,2,0.0
723,7,1,3,0.0
724,7,1,4,0.0
725,7,1,5,0.0
726,7,1,6,0.0
727,7,1,7,0.0
728,7,1,8,0.0
729,7,1,9,0.0
730,7,1,10,0.0
731,7,1,11,0.0
732,7,1,12,0.0
733,7,1,13,0.0
734,7,1,14,0.0
735,7,1,15,0.0
736,7,1,16,0.0
737,7,1,17,0.0
738,7,1,18,0.0
739,7,1,19,0.0
740,7,1,20,0.0
741,7,1,21,0.0
742,7,1,22,0.0
743,7,1,23,0.0
744,7,2,0,0.0
745,7,2,1,0.0
746,7,2,2,0.0
747,7,2,3,0.0
748,7,2,4,0.0
749,7,2,5,1.0
750,7,2,6,0.5
751,7,2,7,0.0
752,7,2,8,0.0
753,7,2,9,0.0
754,7,2,10,0.5
755,7,2,11,0.05
756,7,2,12,0.5
757,7,2,13,0.0
758,7,2,14,0.05
759,7,2,15,0.05
760,7,2,16,0.0
761,7,2,17,0.05
762,7,2,18,0.05
763,7,2,19,0.5
764,7,2,20,1.0
765,7,2,21,8.5
766,7,2,22,7.0
767,7,2,23,0.0
768,7,3,0,2.5
769,7,3,1,3.0
770,7,3,2,0.0
771,7,3,3,4.5
772,7,3,4,3.5
773,7,3,5,1.0
774,7,3,6,27.5
775,7,3,7,33.0
776,7,3,8,6.5
777,7,3,9,10.5
778,7,3,10,0.05
779,7,3,11,1.0
780,7,3,12,0.0
781,7,3,13,2.0
782,7,3,14,18.0
783,7,3,15,3.5
784,7,3,16,1.5
785,7,3,17,5.5
786,7,3,18,3.0
787,7,3,19,2.0
788,7,3,20,1.0
789,7,3,21,0.05
790,7,3,22,0.0
791,7,3,23,0.0
792,7,4,0,0.0
793,7,4,1,0.0
794,7,4,2,0.0
795,7,4,3,0.0
796,7,4,4,0.5
797,7,4,5,0.05
798,7,4,6,0.0
799,7,4,7,0.0
800,7,4,8,0.0
801,7,4,9,0.0
802,7,4,10,0.5
803,7,4,11,0.05
804,7,4,12,0.0
805,7,4,13,0.0
806,7,4,14,9.0
807,7,4,15,1.0
808,7,4,16,0.0
809,7,4,17,0.0
810,7,4,18,0.0
811,7,4,19,0.0
812,7,4,20,0.0
813,7,4,21,0.0
814,7,4,22,0.0
815,7,4,23,0.0
816,7,5,0,0.0
817,7,5,1,0.0
818,7,5,2,1.5
819,7,5,3,4.5
820,7,5,4,17.5
821,7,5,5,0.05
822,7,5,6,0.5
823,7,5,7,0.05
824,7,5,8,0.0
825,7,5,9,15.5
826,7,5,10,5.0
827,7,5,11,0.0
828,7,5,12,0.0
829,7,5,13,0.0
830,7,5,14,0.0
831,7,5,15,0.0
832,7,5,16,0.0
833,7,5,17,0.0
834,7,5,18,0.0
835,7,5,19,0.0
836,7,5,20,0.0
837,7,5,21,0.0
838,7,5,22,0.0
839,7,5,23,0.0
840,7,6,0,0.0
841,7,6,1,0.0
842,7,6,2,0.0
843,7,6,3,0.0
844,7,6,4,0.0
845,7,6,5,0.0
846,7,6,6,0.05
847,7,6,7,0.05
848,7,6,8,0.0
849,7,6,9,0.0
850,7,6,10,0.0
851,7,6,11,0.5
852,7,6,12,0.0
853,7,6,13,0.0
854,7,6,14,3.5
855,7,6,15,0.05
856,7,6,16,0.0
857,7,6,17,0.0
858,7,6,18,2.0
859,7,6,19,0.0
860,7,6,20,0.0
861,7,6,21,0.0
862,7,6,22,0.0
863,7,6,23,0.0
864,7,7,0,0.0
865,7,7,1,0.0
866,7,7,2,0.0
867,7,7,3,0.0
868,7,7,4,0.0
869,7,7,5,0.0
870,7,7,6,0.5
871,7,7,7,1.5
872,7,7,8,0.5
873,7,7,9,0.0
874,7,7,10,0.0
875,7,7,11,0.0
876,7,7,12,0.5
877,7,7,13,0.0
878,7,7,14,0.0
879,7,7,15,0.0
880,7,7,16,1.0
881,7,7,17,0.05
882,7,7,18,0.05
883,7,7,19,0.0
884,7,7,20,0.0
885,7,7,21,0.0
886,7,7,22,0.0
887,7,7,23,0.0
888,7,8,0,0.0
889,7,8,1,2.0
890,7,8,2,0.0
891,7,8,3,0.0
892,7,8,4,0.0
893,7,8,5,0.0
894,7,8,6,5.5
895,7,8,7,0.5
896,7,8,8,0.5
897,7,8,9,2.0
898,7,8,10,0.0
899,7,8,11,0.0
900,7,8,12,0.0
901,7,8,13,0.0
902,7,8,14,1.0
903,7,8,15,0.0
904,7,8,16,0.0
905,7,8,17,0.0
906,7,8,18,0.0
907,7,8,19,0.0
908,7,8,20,0.0
909,7,8,21,0.0
910,7,8,22,0.0
911,7,8,23,0.0
912,7,9,0,0.0
913,7,9,1,0.0
914,7,9,2,0.0
915,7,9,3,0.0
916,7,9,4,0.0
917,7,9,5,0.05
918,7,9,6,20.0
919,7,9,7,3.5
920,7,9,8,6.0
921,7,9,9,6.0
922,7,9,10,18.0
923,7,9,11,0.05
924,7,9,12,3.5
925,7,9,13,0.0
926,7,9,14,0.0
927,7,9,15,0.5
928,7,9,16,0.5
929,7,9,17,0.0
930,7,9,18,1.0
931,7,9,19,0.0
932,7,9,20,0.0
933,7,9,21,0.05
934,7,9,22,2.0
935,7,9,23,0.05
936,7,10,0,0.0
937,7,10,1,0.0
938,7,10,2,0.0
939,7,10,3,0.0
940,7,10,4,0.5
941,7,10,5,0.0
942,7,10,6,0.0
943,7,10,7,2.0
944,7,10,8,2.5
945,7,10,9,0.0
946,7,10,10,1.5
947,7,10,11,0.5
948,7,10,12,3.0
949,7,10,13,0.0
950,7,10,14,0.0
951,7,10,15,0.0
952,7,10,16,0.0
953,7,10,17,0.0
954,7,10,18,58.5
955,7,10,19,42.5
956,7,10,20,4.0
957,7,10,21,1.0
958,7,10,22,8.5
959,7,10,23,3.5
960,7,11,0,0.5
961,7,11,1,0.0
962,7,11,2,0.0
963,7,11,3,0.0
964,7,11,4,0.0
965,7,11,5,0.0
966,7,11,6,0.0
967,7,11,7,0.0
968,7,11,8,0.0
969,7,11,9,2.5
970,7,11,10,13.5
971,7,11,11,6.5
972,7,11,12,1.0
973,7,11,13,0.5
974,7,11,14,0.0
975,7,11,15,0.0
976,7,11,16,0.0
977,7,11,17,0.0
978,7,11,18,0.0
979,7,11,19,0.0
980,7,11,20,0.0
981,7,11,21,0.0
982,7,11,22,0.0
983,7,11,23,0.0
984,7,12,0,0.0
985,7,12,1,5.5
986,7,12,2,0.05
987,7,12,3,0.5
988,7,12,4,0.0
989,7,12,5,0.0
990,7,12,6,0.0
991,7,12,7,0.0
992,7,12,8,0.0
993,7,12,9,0.0
994,7,12,10,0.0
995,7,12,11,0.0
996,7,12,12,0.0
997,7,12,13,0.0
998,7,12,14,0.0
999,7,12,15,0.0
1000,7,12,16,0.0
1001,7,12,17,0.0
1002,7,12,18,0.0
1003,7,12,19,0.0
1004,7,12,20,0.0
1005,7,12,21,0.0
1006,7,12,22,0.0
1007,7,12,23,0.0
1008,7,13,0,0.0
1009,7,13,1,0.0
1010,7,13,2,0.0
1011,7,13,3,0.0
1012,7,13,4,0.0
1013,7,13,5,0.0
1014,7,13,6,0.0
1015,7,13,7,0.05
1016,7,13,8,0.5
1017,7,13,9,0.0
1018,7,13,10,1.5
1019,7,13,11,1.0
1020,7,13,12,0.0
1021,7,13,13,0.0
1022,7,13,14,0.0
1023,7,13,15,0.0
1024,7,13,16,0.0
1025,7,13,17,0.0
1026,7,13,18,0.0
1027,7,13,19,0.0
1028,7,13,20,0.0
1029,7,13,21,0.0
1030,7,13,22,0.0
1031,7,13,23,0.0
1032,7,14,0,0.0
1033,7,14,1,0.0
1034,7,14,2,0.0
1035,7,14,3,0.0
1036,7,14,4,0.0
1037,7,14,5,0.0
1038,7,14,6,0.0
1039,7,14,7,0.0
1040,7,14,8,0.5
1041,7,14,9,0.0
1042,7,14,10,0.0
1043,7,14,11,0.0
1044,7,14,12,0.0
1045,7,14,13,0.0
1046,7,14,14,0.0
1047,7,14,15,0.0
1048,7,14,16,0.0
1049,7,14,17,0.0
1050,7,14,18,0.0
1051,7,14,19,0.0
1052,7,14,20,0.0
1053,7,14,21,0.0
1054,7,14,22,0.0
1055,7,14,23,0.0
1056,7,15,0,0.0
1057,7,15,1,0.0
1058,7,15,2,0.0
1059,7,15,3,0.0
1060,7,15,4,0.0
1061,7,15,5,0.0
1062,7,15,6,0.0
1063,7,15,7,0.0
1064,7,15,8,0.0
1065,7,15,9,0.0
1066,7,15,10,0.0
1067,7,15,11,0.0
1068,7,15,12,0.0
1069,7,15,13,0.0
1070,7,15,14,0.0
1071,7,15,15,0.0
1072,7,15,16,0.0
1073,7,15,17,0.0
1074,7,15,18,0.0
1075,7,15,19,0.0
1076,7,15,20,0.0
1077,7,15,21,0.0
1078,7,15,22,0.0
1079,7,15,23,0.0
1080,7,16,0,0.0
1081,7,16,1,0.0
1082,7,16,2,0.0
1083,7,16,3,0.0
1084,7,16,4,0.0
1085,7,16,5,0.0
1086,7,16,6,0.0
1087,7,16,7,0.0
1088,7,16,8,0.0
1089,7,16,9,0.0
1090,7,16,10,0.0
1091,7,16,11,0.0
1092,7,16,12,0.0
1093,7,16,13,0.0
1094,7,16,14,0.0
1095,7,16,15,0.0
1096,7,16,16,0.0
1097,7,16,17,0.0
1098,7,16,18,0.0
1099,7,16,19,0.0
1100,7,16,20,0.0
1101,7,16,21,0.0
1102,7,16,22,0.0
1103,7,16,23,0.0
1104,7,17,0,0.0
1105,7,17,1,0.0
1106,7,17,2,0.0
1107,7,17,3,0.0
1108,7,17,4,0.0
1109,7,17,5,0.0
1110,7,17,6,0.0
1111,7,17,7,0.0
1112,7,17,8,0.0
1113,7,17,9,0.0
1114,7,17,10,0.0
1115,7,17,11,0.0
1116,7,17,12,0.0
1117,7,17,13,0.0
1118,7,17,14,0.0
1119,7,17,15,0.0
1120,7,17,16,0.0
1121,7,17,17,0.0
1122,7,17,18,0.0
1123,7,17,19,0.0
1124,7,17,20,0.0
1125,7,17,21,0.0
1126,7,17,22,0.0
1127,7,17,23,0.0
1128,7,18,0,0.0
1129,7,18,1,0.0
1130,7,18,2,0.0
1131,7,18,3,0.0
1132,7,18,4,0.0
1133,7,18,5,0.0
1134,7,18,6,0.0
1135,7,18,7,0.0
1136,7,18,8,0.0
1137,7,18,9,0.0
1138,7,18,10,0.0
1139,7,18,11,0.0
1140,7,18,12,0.0
1141,7,18,13,0.0
1142,7,18,14,0.0
1143,7,18,15,0.0
1144,7,18,16,10.5
1145,7,18,17,0.5
1146,7,18,18,0.0
1147,7,18,19,0.0
1148,7,18,20,0.0
1149,7,18,21,0.0
1150,7,18,22,0.0
1151,7,18,23,0.0
1152,7,19,0,0.0
1153,7,19,1,0.0
1154,7,19,2,0.0
1155,7,19,3,0.0
1156,7,19,4,0.0
1157,7,19,5,0.0
1158,7,19,6,0.0
1159,7,19,7,0.0
1160,7,19,8,0.0
1161,7,19,9,0.0
1162,7,19,10,0.0
1163,7,19,11,0.0
1164,7,19,12,0.0
1165,7,19,13,0.0
1166,7,19,14,0.0
1167,7,19,15,1.0
1168,7,19,16,51.0
1169,7,19,17,1.0
1170,7,19,18,3.5
1171,7,19,19,2.0
1172,7,19,20,0.5
1173,7,19,21,0.5
1174,7,19,22,0.5
1175,7,19,23,0.5
1176,7,20,0,0.5
1177,7,20,1,0.05
1178,7,20,2,2.0
1179,7,20,3,2.0
1180,7,20,4,0.5
1181,7,20,5,0.0
1182,7,20,6,0.0
1183,7,20,7,2.0
1184,7,20,8,3.5
1185,7,20,9,0.5
1186,7,20,10,2.5
1187,7,20,11,2.0
1188,7,20,12,4.0
1189,7,20,13,3.0
1190,7,20,14,1.0
1191,7,20,15,0.05
1192,7,20,16,0.5
1193,7,20,17,0.0
1194,7,20,18,0.0
1195,7,20,19,0.0
1196,7,20,20,0.0
1197,7,20,21,0.0
1198,7,20,22,0.0
1199,7,20,23,0.0
1200,7,21,0,0.05
1201,7,21,1,0.0
1202,7,21,2,0.0
1203,7,21,3,0.0
1204,7,21,4,0.0
1205,7,21,5,0.0
1206,7,21,6,0.0
1207,7,21,7,0.0
1208,7,21,8,7.5
1209,7,21,9,0.05
1210,7,21,10,0.05
1211,7,21,11,0.5
1212,7,21,12,0.0
1213,7,21,13,0.0
1214,7,21,14,0.0
1215,7,21,15,0.0
1216,7,21,16,0.0
1217,7,21,17,0.0
1218,7,21,18,0.0
1219,7,21,19,0.0
1220,7,21,20,0.0
1221,7,21,21,0.0
1222,7,21,22,0.0
1223,7,21,23,0.0
1224,7,22,0,0.0
1225,7,22,1,0.0
1226,7,22,2,0.0
1227,7,22,3,0.0
1228,7,22,4,0.0
1229,7,22,5,0.0
1230,7,22,6,0.0
1231,7,22,7,0.0
1232,7,22,8,0.0
1233,7,22,9,0.0
1234,7,22,10,0.0
1235,7,22,11,0.0
1236,7,22,12,0.0
1237,7,22,13,0.0
1238,7,22,14,0.0
1239,7,22,15,0.0
1240,7,22,16,0.0
1241,7,22,17,0.0
1242,7,22,18,0.0
1243,7,22,19,0.0
1244,7,22,20,0.0
1245,7,22,21,0.0
1246,7,22,22,0.0
1247,7,22,23,0.0
1248,7,23,0,0.0
1249,7,23,1,0.0
1250,7,23,2,0.0
1251,7,23,3,0.0
1252,7,23,4,0.0
1253,7,23,5,0.0
1254,7,23,6,0.0
1255,7,23,7,0.0
1256,7,23,8,0.0
1257,7,23,9,0.0
1258,7,23,10,0.0
1259,7,23,11,0.0
1260,7,23,12,0.0
1261,7,23,13,0.0
1262,7,23,14,0.0
1263,7,23,15,0.0
1264,7,23,16,0.0
1265,7,23,17,0.0
1266,7,23,18,0.0
1267,7,23,19,0.0
1268,7,23,20,0.0
1269,7,23,21,0.0
1270,7,23,22,0.0
1271,7,23,23,0.0
1272,7,24,0,0.0
1273,7,24,1,0.0
1274,7,24,2,0.0
1275,7,24,3,0.0
1276,7,24,4,0.0
1277,7,24,5,0.0
1278,7,24,6,0.0
1279,7,24,7,0.0
1280,7,24,8,0.0
1281,7,24,9,0.0
1282,7,24,10,0.0
1283,7,24,11,0.0
1284,7,24,12,0.0
1285,7,24,13,0.0
1286,7,24,14,0.0
1287,7,24,15,0.0
1288,7,24,16,0.0
1289,7,24,17,0.0
1290,7,24,18,0.0
1291,7,24,19,0.0
1292,7,24,20,0.0
1293,7,24,21,0.0
1294,7,24,22,0.0
1295,7,24,23,0.0
1296,7,25,0,0.0
1297,7,25,1,0.0
1298,7,25,2,0.0
1299,7,25,3,0.0
1300,7,25,4,0.0
1301,7,25,5,0.0
1302,7,25,6,0.0
1303,7,25,7,0.0
1304,7,25,8,0.0
1305,7,25,9,0.0
1306,7,25,10,0.0
1307,7,25,11,0.0
1308,7,25,12,0.0
1309,7,25,13,0.0
1310,7,25,14,0.0
1311,7,25,15,0.0
1312,7,25,16,0.0
1313,7,25,17,0.0
1314,7,25,18,0.0
1315,7,25,19,0.0
1316,7,25,20,0.0
1317,7,25,21,0.0
1318,7,25,22,0.0
1319,7,25,23,0.0
1320,7,26,0,0.0
1321,7,26,1,0.0
1322,7,26,2,0.0
1323,7,26,3,0.0
1324,7,26,4,0.5
1325,7,26,5,17.5
1326,7,26,6,0.0
1327,7,26,7,0.0
1328,7,26,8,0.0
1329,7,26,9,0.0
1330,7,26,10,0.0
1331,7,26,11,0.0
1332,7,26,12,0.0
1333,7,26,13,0.0
1334,7,26,14,0.0
1335,7,26,15,0.0
1336,7,26,16,0.0
1337,7,26,17,0.0
1338,7,26,18,0.0
1339,7,26,19,0.0
1340,7,26,20,0.0
1341,7,26,21,0.0
1342,7,26,22,0.0
1343,7,26,23,0.0
1344,7,27,0,0.0
1345,7,27,1,0.0
1346,7,27,2,0.0
1347,7,27,3,0.0
1348,7,27,4,0.0
1349,7,27,5,0.0
1350,7,27,6,0.0
1351,7,27,7,0.0
1352,7,27,8,1.5
1353,7,27,9,0.0
1354,7,27,10,0.0
1355,7,27,11,0.0
1356,7,27,12,0.0
1357,7,27,13,0.0
1358,7,27,14,0.0
1359,7,27,15,0.05
1360,7,27,16,0.05
1361,7,27,17,0.0
1362,7,27,18,0.0
1363,7,27,19,0.0
1364,7,27,20,0.0
1365,7,27,21,0.0
1366,7,27,22,0.0
1367,7,27,23,0.0
1368,7,28,0,0.0
1369,7,28,1,0.0
1370,7,28,2,0.0
1371,7,28,3,0.0
1372,7,28,4,0.0
1373,7,28,5,0.0
1374,7,28,6,0.0
1375,7,28,7,0.0
1376,7,28,8,0.0
1377,7,28,9,0.0
1378,7,28,10,0.0
1379,7,28,11,0.0
1380,7,28,12,0.0
1381,7,28,13,0.0
1382,7,28,14,0.05
1383,7,28,15,1.0
1384,7,28,16,0.05
1385,7,28,17,0.0
1386,7,28,18,0.0
1387,7,28,19,0.0
1388,7,28,20,0.0
1389,7,28,21,0.0
1390,7,28,22,0.0
1391,7,28,23,0.0
1392,7,29,0,0.0
1393,7,29,1,0.0
1394,7,29,2,0.0
1395,7,29,3,0.0
1396,7,29,4,0.0
1397,7,29,5,0.0
1398,7,29,6,0.0
1399,7,29,7,0.0
1400,7,29,8,0.0
1401,7,29,9,0.0
1402,7,29,10,0.0
1403,7,29,11,0.0
1404,7,29,12,0.0
1405,7,29,13,0.0
1406,7,29,14,0.0
1407,7,29,15,0.0
1408,7,29,16,0.0
1409,7,29,17,0.0
1410,7,29,18,0.0
1411,7,29,19,0.0
1412,7,29,20,0.0
1413,7,29,21,0.0
1414,7,29,22,0.0
1415,7,29,23,0.0
1416,7,30,0,0.0
1417,7,30,1,0.0
1418,7,30,2,0.0
1419,7,30,3,0.0
1420,7,30,4,0.0
1421,7,30,5,0.0
1422,7,30,6,0.0
1423,7,30,7,0.0
1424,7,30,8,0.0
1425,7,30,9,0.0
1426,7,30,10,0.0
1427,7,30,11,0.0
1428,7,30,12,0.0
1429,7,30,13,0.0
1430,7,30,14,0.0
1431,7,30,15,0.0
1432,7,30,16,0.0
1433,7,30,17,0.05
1434,7,30,18,0.0
1435,7,30,19,0.0
1436,7,30,20,0.0
1437,7,30,21,0.0
1438,7,30,22,0.0
1439,7,30,23,0.0
1440,7,31,0,0.0
1441,7,31,1,0.0
1442,7,31,2,0.0
1443,7,31,3,0.0
1444,7,31,4,0.0
1445,7,31,5,0.0
1446,7,31,6,0.0
1447,7,31,7,0.0
1448,7,31,8,0.0
1449,7,31,9,0.0
1450,7,31,10,0.0
1451,7,31,11,0.0
1452,7,31,12,0.0
1453,7,31,13,0.0
1454,7,31,14,0.0
1455,7,31,15,0.0
1456,7,31,16,0.0
1457,7,31,17,0.0
1458,7,31,18,0.0
1459,7,31,19,0.0
1460,7,31,20,0.0
1461,7,31,21,0.0
1462,7,31,22,0.0
1463,7,31,23,0.0
1464,8,1,0,0.0
1465,8,1,1,0.0
1466,8,1,2,0.0
1467,8,1,3,0.0
1468,8,1,4,0.0
1469,8,1,5,0.0
1470,8,1,6,0.0
1471,8,1,7,0.0
1472,8,1,8,0.0
1473,8,1,9,0.0
1474,8,1,10,0.0
1475,8,1,11,0.0
1476,8,1,12,0.0
1477,8,1,13,0.0
1478,8,1,14,0.0
1479,8,1,15,0.05
1480,8,1,16,36.5
1481,8,1,17,3.5
1482,8,1,18,3.0
1483,8,1,19,1.5
1484,8,1,20,2.5
1485,8,1,21,0.0
1486,8,1,22,0.0
1487,8,1,23,0.0
1488,8,2,0,0.0
1489,8,2,1,0.0
1490,8,2,2,0.0
1491,8,2,3,0.0
1492,8,2,4,0.0
1493,8,2,5,0.0
1494,8,2,6,0.0
1495,8,2,7,0.0
1496,8,2,8,0.0
1497,8,2,9,0.0
1498,8,2,10,0.0
1499,8,2,11,0.0
1500,8,2,12,0.0
1501,8,2,13,0.0
1502,8,2,14,42.0
1503,8,2,15,10.0
1504,8,2,16,2.0
1505,8,2,17,1.0
1506,8,2,18,1.5
1507,8,2,19,0.0
1508,8,2,20,0.0
1509,8,2,21,0.0
1510,8,2,22,0.0
1511,8,2,23,0.0
1512,8,3,0,0.0
1513,8,3,1,0.0
1514,8,3,2,0.0
1515,8,3,3,0.0
1516,8,3,4,0.0
1517,8,3,5,0.0
1518,8,3,6,0.0
1519,8,3,7,0.0
1520,8,3,8,0.0
1521,8,3,9,0.0
1522,8,3,10,0.0
1523,8,3,11,0.0
1524,8,3,12,0.0
1525,8,3,13,0.0
1526,8,3,14,0.0
1527,8,3,15,0.0
1528,8,3,16,0.0
1529,8,3,17,0.0
1530,8,3,18,0.0
1531,8,3,19,0.0
1532,8,3,20,0.0
1533,8,3,21,0.0
1534,8,3,22,0.0
1535,8,3,23,0.0
1536,8,4,0,0.0
1537,8,4,1,0.0
1538,8,4,2,0.0
1539,8,4,3,0.0
1540,8,4,4,0.0
1541,8,4,5,0.0
1542,8,4,6,0.0
1543,8,4,7,0.0
1544,8,4,8,0.0
1545,8,4,9,0.0
1546,8,4,10,0.0
1547,8,4,11,0.0
1548,8,4,12,0.0
1549,8,4,13,0.0
1550,8,4,14,0.0
1551,8,4,15,0.0
1552,8,4,16,0.0
1553,8,4,17,0.0
1554,8,4,18,0.0
1555,8,4,19,0.0
1556,8,4,20,0.0
1557,8,4,21,0.0
1558,8,4,22,0.0
1559,8,4,23,0.0
1560,8,5,0,0.0
1561,8,5,1,0.0
1562,8,5,2,0.0
1563,8,5,3,0.0
1564,8,5,4,0.0
1565,8,5,5,0.0
1566,8,5,6,0.0
1567,8,5,7,0.0
1568,8,5,8,0.0
1569,8,5,9,0.0
1570,8,5,10,0.0
1571,8,5,11,0.0
1572,8,5,12,0.0
1573,8,5,13,0.0
1574,8,5,14,0.0
1575,8,5,15,0.0
1576,8,5,16,0.0
1577,8,5,17,0.05
1578,8,5,18,1.0
1579,8,5,19,0.5
1580,8,5,20,0.05
1581,8,5,21,0.0
1582,8,5,22,0.0
1583,8,5,23,0.0
1584,8,6,0,0.0
1585,8,6,1,0.0
1586,8,6,2,0.0
1587,8,6,3,0.0
1588,8,6,4,0.0
1589,8,6,5,0.0
1590,8,6,6,0.0
1591,8,6,7,0.0
1592,8,6,8,0.0
1593,8,6,9,0.0
1594,8,6,10,0.0
1595,8,6,11,0.0
1596,8,6,12,0.0
1597,8,6,13,0.0
1598,8,6,14,0.0
1599,8,6,15,0.0
1600,8,6,16,0.0
1601,8,6,17,6.0
1602,8,6,18,7.5
1603,8,6,19,0.0
1604,8,6,20,0.0
1605,8,6,21,0.0
1606,8,6,22,0.0
1607,8,6,23,0.0
1608,8,7,0,0.0
1609,8,7,1,0.0
1610,8,7,2,0.0
1611,8,7,3,0.0
1612,8,7,4,0.0
1613,8,7,5,0.0
1614,8,7,6,0.0
1615,8,7,7,0.0
1616,8,7,8,0.0
1617,8,7,9,0.0
1618,8,7,10,0.0
1619,8,7,11,0.0
1620,8,7,12,0.0
1621,8,7,13,0.0
1622,8,7,14,0.0
1623,8,7,15,0.0
1624,8,7,16,0.0
1625,8,7,17,0.0
1626,8,7,18,0.0
1627,8,7,19,0.0
1628,8,7,20,0.0
1629,8,7,21,0.0
1630,8,7,22,0.0
1631,8,7,23,0.0
1632,8,8,0,0.0
1633,8,8,1,0.0
1634,8,8,2,0.0
1635,8,8,3,0.0
1636,8,8,4,0.0
1637,8,8,5,0.0
1638,8,8,6,0.0
1639,8,8,7,0.0
1640,8,8,8,0.0
1641,8,8,9,0.0
1642,8,8,10,0.0
1643,8,8,11,0.0
1644,8,8,12,0.0
1645,8,8,13,0.0
1646,8,8,14,0.0
1647,8,8,15,0.0
1648,8,8,16,1.0
1649,8,8,17,0.0
1650,8,8,18,0.0
1651,8,8,19,0.0
1652,8,8,20,0.0
1653,8,8,21,0.0
1654,8,8,22,0.0
1655,8,8,23,0.0
1656,8,9,0,0.0
1657,8,9,1,0.0
1658,8,9,2,0.0
1659,8,9,3,0.0
1660,8,9,4,0.0
1661,8,9,5,0.0
1662,8,9,6,0.0
1663,8,9,7,0.0
1664,8,9,8,0.0
1665,8,9,9,0.0
1666,8,9,10,0.0
1667,8,9,11,0.0
1668,8,9,12,0.0
1669,8,9,13,0.0
1670,8,9,14,0.0
1671,8,9,15,0.0
1672,8,9,16,0.0
1673,8,9,17,0.0
1674,8,9,18,0.05
1675,8,9,19,0.5
1676,8,9,20,0.0
1677,8,9,21,0.0
1678,8,9,22,0.0
1679,8,9,23,0.0
1680,8,10,0,0.0
1681,8,10,1,0.0
1682,8,10,2,0.0
1683,8,10,3,0.0
1684,8,10,4,0.0
1685,8,10,5,0.0
1686,8,10,6,0.0
1687,8,10,7,0.0
1688,8,10,8,0.0
1689,8,10,9,0.0
1690,8,10,10,0.0
1691,8,10,11,0.0
1692,8,10,12,0.0
1693,8,10,13,0.0
1694,8,10,14,0.0
1695,8,10,15,0.0
1696,8,10,16,0.0
1697,8,10,17,0.0
1698,8,10,18,0.0
1699,8,10,19,0.0
1700,8,10,20,0.0
1701,8,10,21,0.0
1702,8,10,22,0.0
1703,8,10,23,0.0
1704,8,11,0,0.0
1705,8,11,1,0.0
1706,8,11,2,0.0
1707,8,11,3,1.0
1708,8,11,4,0.0
1709,8,11,5,0.5
1710,8,11,6,0.05
1711,8,11,7,0.0
1712,8,11,8,0.0
1713,8,11,9,0.0
1714,8,11,10,0.0
1715,8,11,11,0.0
1716,8,11,12,0.0
1717,8,11,13,0.0
1718,8,11,14,0.0
1719,8,11,15,0.0
1720,8,11,16,0.0
1721,8,11,17,0.0
1722,8,11,18,0.0
1723,8,11,19,0.0
1724,8,11,20,0.0
1725,8,11,21,0.0
1726,8,11,22,0.0
1727,8,11,23,0.0
1728,8,12,0,0.0
1729,8,12,1,0.0
1730,8,12,2,0.0
1731,8,12,3,0.0
1732,8,12,4,0.0
1733,8,12,5,0.0
1734,8,12,6,0.0
1735,8,12,7,0.0
1736,8,12,8,0.0
1737,8,12,9,0.0
1738,8,12,10,0.0
1739,8,12,11,0.0
1740,8,12,12,0.0
1741,8,12,13,0.0
1742,8,12,14,0.0
1743,8,12,15,0.0
1744,8,12,16,0.0
1745,8,12,17,0.0
1746,8,12,18,0.0
1747,8,12,19,16.5
1748,8,12,20,1.0
1749,8,12,21,0.5
1750,8,12,22,0.0
1751,8,12,23,13.0
1752,8,13,0,7.5
1753,8,13,1,3.5
1754,8,13,2,23.5
1755,8,13,3,52.0
1756,8,13,4,57.0
1757,8,13,5,28.5
1758,8,13,6,6.0
1759,8,13,7,4.5
1760,8,13,8,6.0
1761,8,13,9,3.0
1762,8,13,10,15.5
1763,8,13,11,10.5
1764,8,13,12,1.5
1765,8,13,13,2.5
1766,8,13,14,0.0
1767,8,13,15,0.0
1768,8,13,16,0.0
1769,8,13,17,0.0
1770,8,13,18,0.0
1771,8,13,19,0.0
1772,8,13,20,0.0
1773,8,13,21,0.0
1774,8,13,22,0.0
1775,8,13,23,0.0
1776,8,14,0,0.0
1777,8,14,1,0.0
1778,8,14,2,0.5
1779,8,14,3,3.0
1780,8,14,4,0.5
1781,8,14,5,0.0
1782,8,14,6,0.5
1783,8,14,7,0.0
1784,8,14,8,0.0
1785,8,14,9,0.0
1786,8,14,10,0.0
1787,8,14,11,0.5
1788,8,14,12,0.0
1789,8,14,13,0.5
1790,8,14,14,4.5
1791,8,14,15,0.0
1792,8,14,16,0.0
1793,8,14,17,0.0
1794,8,14,18,0.0
1795,8,14,19,0.0
1796,8,14,20,0.0
1797,8,14,21,0.05
1798,8,14,22,7.5
1799,8,14,23,1.5
1800,8,15,0,0.0
1801,8,15,1,0.05
1802,8,15,2,0.05
1803,8,15,3,0.0
1804,8,15,4,1.0
1805,8,15,5,0.0
1806,8,15,6,0.0
1807,8,15,7,0.0
1808,8,15,8,0.0
1809,8,15,9,0.0
1810,8,15,10,0.0
1811,8,15,11,0.0
1812,8,15,12,0.0
1813,8,15,13,0.0
1814,8,15,14,0.0
1815,8,15,15,0.0
1816,8,15,16,0.0
1817,8,15,17,0.0
1818,8,15,18,0.0
1819,8,15,19,0.0
1820,8,15,20,0.0
1821,8,15,21,0.0
1822,8,15,22,0.0
1823,8,15,23,2.5
1824,8,16,0,0.0
1825,8,16,1,0.0
1826,8,16,2,1.5
1827,8,16,3,0.0
1828,8,16,4,0.0
1829,8,16,5,0.05
1830,8,16,6,1.0
1831,8,16,7,0.0
1832,8,16,8,11.5
1833,8,16,9,1.5
1834,8,16,10,0.0
1835,8,16,11,0.0
1836,8,16,12,3.0
1837,8,16,13,0.5
1838,8,16,14,0.0
1839,8,16,15,2.5
1840,8,16,16,0.0
1841,8,16,17,0.0
1842,8,16,18,6.5
1843,8,16,19,0.0
1844,8,16,20,0.0
1845,8,16,21,0.0
1846,8,16,22,0.0
1847,8,16,23,0.0
1848,8,17,0,0.0
1849,8,17,1,0.0
1850,8,17,2,0.0
1851,8,17,3,0.0
1852,8,17,4,4.0
1853,8,17,5,0.05
1854,8,17,6,1.0
1855,8,17,7,0.0
1856,8,17,8,1.5
1857,8,17,9,15.0
1858,8,17,10,0.5
1859,8,17,11,0.0
1860,8,17,12,0.0
1861,8,17,13,0.05
1862,8,17,14,0.5
1863,8,17,15,0.0
1864,8,17,16,0.0
1865,8,17,17,4.0
1866,8,17,18,9.0
1867,8,17,19,3.5
1868,8,17,20,3.0
1869,8,17,21,1.0
1870,8,17,22,0.5
1871,8,17,23,6.5
1872,8,18,0,10.5
1873,8,18,1,0.05
1874,8,18,2,4.5
1875,8,18,3,21.0
1876,8,18,4,6.5
1877,8,18,5,0.05
1878,8,18,6,3.0
1879,8,18,7,5.0
1880,8,18,8,5.5
1881,8,18,9,6.5
1882,8,18,10,0.5
1883,8,18,11,3.0
1884,8,18,12,13.5
1885,8,18,13,0.5
1886,8,18,14,0.0
1887,8,18,15,5.0
1888,8,18,16,7.5
1889,8,18,17,4.5
1890,8,18,18,1.0
1891,8,18,19,0.05
1892,8,18,20,0.0
1893,8,18,21,5.0
1894,8,18,22,0.05
1895,8,18,23,0.0
1896,8,19,0,0.0
1897,8,19,1,0.0
1898,8,19,2,0.0
1899,8,19,3,0.0
1900,8,19,4,0.05
1901,8,19,5,0.0
1902,8,19,6,0.5
1903,8,19,7,14.5
1904,8,19,8,6.5
1905,8,19,9,0.05
1906,8,19,10,1.0
1907,8,19,11,0.0
1908,8,19,12,0.0
1909,8,19,13,0.0
1910,8,19,14,0.0
1911,8,19,15,0.0
1912,8,19,16,0.0
1913,8,19,17,0.0
1914,8,19,18,0.0
1915,8,19,19,0.0
1916,8,19,20,0.0
1917,8,19,21,0.0
1918,8,19,22,0.0
1919,8,19,23,0.0
1920,8,20,0,0.0
1921,8,20,1,0.0
1922,8,20,2,0.5
1923,8,20,3,0.5
1924,8,20,4,0.0
1925,8,20,5,0.0
1926,8,20,6,0.05
1927,8,20,7,0.0
1928,8,20,8,0.0
1929,8,20,9,0.0
1930,8,20,10,0.0
1931,8,20,11,0.0
1932,8,20,12,0.0
1933,8,20,13,0.0
1934,8,20,14,0.0
1935,8,20,15,0.0
1936,8,20,16,0.0
1937,8,20,17,0.0
1938,8,20,18,0.0
1939,8,20,19,0.0
1940,8,20,20,0.0
1941,8,20,21,0.0
1942,8,20,22,0.0
1943,8,20,23,0.0
1944,8,21,0,0.0
1945,8,21,1,0.0
1946,8,21,2,0.0
1947,8,21,3,0.0
1948,8,21,4,0.05
1949,8,21,5,1.0
1950,8,21,6,0.05
1951,8,21,7,0.0
1952,8,21,8,0.0
1953,8,21,9,0.0
1954,8,21,10,0.0
1955,8,21,11,0.0
1956,8,21,12,0.0
1957,8,21,13,0.0
1958,8,21,14,0.0
1959,8,21,15,0.5
1960,8,21,16,0.05
1961,8,21,17,0.0
1962,8,21,18,0.0
1963,8,21,19,0.0
1964,8,21,20,0.0
1965,8,21,21,0.05
1966,8,21,22,0.0
1967,8,21,23,0.0
