,month,day,hour,pm1.0,pm2.5,pm10.0,temp,humidity,ws,wd,precp
0,6,1,0,12.25,18.5,19.75,27.0,68.0,1.1,110.0,0.0
1,6,1,1,13.25,19.25,20.25,27.0,68.0,1.7,120.0,0.0
2,6,1,2,13.25,19.75,22.5,27.0,69.0,2.1,100.0,0.0
3,6,1,3,12.75,18.0,19.0,26.25,71.0,2.3,170.0,1.5
4,6,1,4,15.0,24.25,27.25,26.0,75.0,1.4,100.0,0.05
5,6,1,5,12.75,18.75,20.25,26.0,75.0,2.4,130.0,0.0
6,6,1,6,11.5,18.0,19.0,26.25,73.5,1.5,120.0,0.0
7,6,1,7,10.25,17.0,17.5,27.25,71.0,0.3,100.0,0.0
8,6,1,8,8.25,13.0,14.75,28.75,65.25,2.3,140.0,0.0
9,6,1,9,8.0,11.75,12.0,29.0,62.25,2.3,170.0,0.0
10,6,1,10,9.75,12.5,13.75,30.25,57.5,2.3,170.0,0.0
11,6,1,11,10.25,15.25,16.75,31.0,56.5,3.1,220.0,0.0
12,6,1,12,5.0,7.75,8.0,30.5,55.75,3.7,230.0,0.0
13,6,1,13,2.0,3.0,3.0,30.0,54.75,4.3,200.0,0.0
14,6,1,14,2.25,4.0,5.75,29.0,58.5,4.7,180.0,0.0
15,6,1,15,2.25,3.25,3.25,29.0,59.25,5.0,180.0,0.0
16,6,1,16,1.25,1.75,2.75,29.0,61.5,5.2,180.0,0.0
17,6,1,17,1.75,2.25,2.25,28.0,64.5,3.9,170.0,0.0
18,6,1,18,2.75,3.5,4.25,27.75,68.75,2.9,170.0,0.0
19,6,1,19,2.5,3.5,4.0,27.0,70.25,2.6,160.0,0.0
20,6,1,20,2.25,3.0,3.25,27.0,70.0,2.5,160.0,0.0
21,6,1,21,1.0,2.0,2.0,27.0,70.25,2.3,160.0,1.0
22,6,1,22,1.75,2.25,3.25,27.0,71.25,2.3,130.0,0.0
23,6,1,23,5.0,8.25,8.5,27.0,70.25,1.7,120.0,0.0
24,6,2,0,4.25,6.25,7.25,27.0,70.5,2.3,120.0,0.0
25,6,2,1,4.25,5.75,6.5,27.0,70.0,2.0,130.0,0.0
26,6,2,2,4.5,6.5,8.0,27.0,70.0,1.6,130.0,0.0
27,6,2,3,4.75,7.25,8.0,27.0,70.75,1.6,130.0,0.0
28,6,2,4,3.75,5.25,5.5,27.0,70.75,1.3,100.0,0.0
29,6,2,5,5.0,7.0,7.5,27.0,70.0,1.1,90.0,0.0
30,6,2,6,4.0,5.75,6.25,27.25,68.25,2.5,70.0,0.0
31,6,2,7,4.75,7.5,8.75,28.0,66.0,2.2,110.0,1.5
32,6,2,8,8.75,12.5,13.5,28.0,69.0,2.3,90.0,0.5
33,6,2,9,6.5,9.5,9.5,28.25,66.75,1.3,130.0,0.0
34,6,2,10,4.25,5.75,6.25,29.5,58.25,2.2,230.0,0.0
35,6,2,11,3.0,4.0,4.5,29.5,56.75,3.0,200.0,0.0
36,6,2,12,1.75,2.75,3.75,29.25,55.75,3.3,190.0,0.0
37,6,2,13,1.25,2.0,2.5,29.75,54.0,3.2,230.0,0.0
38,6,2,14,1.5,2.75,3.25,29.75,56.0,3.1,230.0,0.0
39,6,2,15,3.0,3.75,4.25,30.5,55.5,3.1,200.0,0.0
40,6,2,16,2.25,3.75,4.5,29.75,57.25,3.0,180.0,0.0
41,6,2,17,3.75,4.75,5.5,29.0,61.0,2.2,200.0,0.0
42,6,2,18,3.75,5.5,5.75,28.0,64.25,2.0,210.0,0.0
43,6,2,19,4.0,6.25,7.0,28.0,69.25,2.5,160.0,0.0
44,6,2,20,4.5,6.5,7.0,27.25,67.75,1.9,150.0,0.0
45,6,2,21,4.75,7.25,7.5,28.0,67.25,1.6,150.0,0.0
46,6,2,22,4.75,6.75,7.25,27.25,68.75,1.8,140.0,0.0
47,6,2,23,6.25,9.25,10.0,28.0,68.5,1.1,130.0,0.0
48,6,3,0,6.25,9.0,9.0,27.25,68.0,2.0,100.0,0.0
49,6,3,1,7.25,8.75,9.25,27.0,68.5,1.4,120.0,0.0
50,6,3,2,7.0,10.5,11.5,27.0,66.75,2.1,100.0,0.0
51,6,3,3,6.5,9.25,9.5,27.0,66.75,1.8,100.0,0.0
52,6,3,4,7.25,10.25,10.75,27.0,67.0,1.2,110.0,0.0
53,6,3,5,5.75,8.0,8.75,27.0,65.75,0.7,120.0,0.0
54,6,3,6,8.5,11.75,12.5,27.0,63.5,1.6,140.0,0.0
55,6,3,7,9.5,13.0,14.0,28.5,61.5,2.6,150.0,0.0
56,6,3,8,10.0,12.5,12.5,29.0,61.5,2.7,160.0,0.0
57,6,3,9,7.25,10.25,11.25,29.75,59.5,3.7,180.0,0.0
58,6,3,10,7.75,10.5,11.75,29.75,60.5,3.2,210.0,0.0
59,6,3,11,6.5,8.5,8.5,30.25,57.75,2.4,200.0,0.0
60,6,3,12,7.25,9.25,9.25,29.75,58.25,3.0,230.0,0.0
61,6,3,13,6.5,8.75,8.75,31.0,52.25,1.5,210.0,0.0
62,6,3,14,5.5,7.0,7.0,32.0,43.5,2.9,300.0,0.0
63,6,3,15,5.25,7.75,8.0,31.5,43.5,2.7,260.0,0.0
64,6,3,16,6.5,9.5,10.5,31.0,46.75,1.5,240.0,0.0
65,6,3,17,8.5,11.75,12.5,30.25,50.0,1.3,260.0,0.0
66,6,3,18,8.5,11.75,12.0,29.0,54.0,1.0,220.0,0.0
67,6,3,19,12.0,17.0,18.0,28.75,58.5,1.1,250.0,0.0
68,6,3,20,11.5,16.0,16.5,28.0,62.25,2.0,190.0,0.0
69,6,3,21,11.5,17.5,18.0,28.0,63.0,2.0,210.0,0.0
70,6,3,22,11.25,16.5,17.25,28.0,64.75,1.5,210.0,0.0
71,6,3,23,13.0,18.5,19.5,27.75,68.5,2.1,140.0,0.0
72,6,4,0,16.0,22.0,23.5,27.5,68.25,1.3,120.0,0.0
73,6,4,1,17.5,25.0,29.0,27.25,67.5,2.4,90.0,0.0
74,6,4,2,15.5,24.0,25.0,27.0,67.25,1.3,110.0,0.0
75,6,4,3,14.25,21.5,22.25,27.0,67.5,1.9,130.0,0.0
76,6,4,4,12.0,17.25,19.0,27.0,66.0,1.8,120.0,0.0
77,6,4,5,12.5,16.75,18.25,27.0,64.5,2.0,100.0,0.0
78,6,4,6,9.75,15.25,16.5,27.0,63.25,1.8,100.0,0.0
79,6,4,7,9.5,13.75,16.25,27.5,62.0,1.2,120.0,0.0
80,6,4,8,11.0,14.0,14.0,29.0,59.0,1.8,90.0,0.0
81,6,4,10,6.5,9.75,11.5,25.25,82.5,0.9,100.0,2.5
82,6,4,11,8.5,13.0,16.0,26.0,75.25,1.7,130.0,1.5
83,6,4,12,10.0,14.75,17.0,28.25,67.25,2.2,130.0,0.05
84,6,4,13,9.0,12.5,13.25,30.0,57.5,0.9,80.0,0.0
85,6,4,14,10.0,12.75,12.75,29.25,60.75,3.3,350.0,0.5
86,6,4,15,16.5,23.5,27.25,27.25,72.0,2.0,60.0,2.5
87,6,4,16,14.0,20.5,22.75,27.25,71.25,1.5,80.0,0.05
88,6,4,17,6.5,9.5,10.0,28.5,63.25,2.4,70.0,0.0
89,6,4,18,5.5,7.5,8.5,27.5,63.25,1.6,100.0,0.0
90,6,4,19,5.5,7.25,7.75,26.5,67.0,0.1,0.0,0.0
91,6,4,20,6.25,8.75,9.0,26.0,69.75,1.3,100.0,0.0
92,6,4,21,7.25,10.25,11.0,26.0,70.0,1.0,80.0,0.0
93,6,4,22,6.5,8.75,9.75,26.0,70.0,0.8,100.0,0.0
94,6,4,23,5.0,7.5,8.75,26.0,70.75,0.8,110.0,0.0
95,6,5,0,4.75,7.5,8.5,26.0,69.5,1.1,110.0,0.0
96,6,5,1,4.0,6.5,7.5,26.0,69.0,1.4,60.0,0.0
97,6,5,2,5.0,9.5,11.75,25.5,70.5,0.1,0.0,0.0
98,6,5,3,4.25,7.0,8.0,25.0,70.75,0.1,0.0,0.0
99,6,5,4,3.75,5.75,6.75,25.0,70.25,0.9,90.0,0.0
100,6,5,5,5.0,8.0,9.25,25.0,70.0,1.1,120.0,0.0
101,6,5,6,6.25,9.0,10.25,26.0,66.5,1.9,130.0,0.0
102,6,5,7,4.5,7.0,7.5,26.0,63.75,2.2,140.0,0.0
103,6,5,8,5.75,9.0,9.0,28.0,58.5,2.0,140.0,0.0
104,6,5,9,8.0,12.75,14.25,29.75,55.0,1.9,150.0,0.0
105,6,5,10,13.75,18.5,21.5,30.5,54.25,2.7,150.0,0.0
106,6,5,11,9.75,14.0,14.75,31.0,51.0,2.1,190.0,0.0
107,6,5,12,7.75,11.5,13.0,31.25,50.5,3.1,240.0,0.0
108,6,5,13,6.5,8.75,9.25,32.0,47.5,2.5,210.0,0.0
109,6,5,14,6.0,8.25,8.5,31.5,48.25,2.6,200.0,0.0
110,6,5,15,7.75,10.5,10.75,31.0,50.75,2.2,220.0,0.0
111,6,5,16,10.25,14.0,14.75,31.5,52.0,2.5,210.0,0.0
112,6,5,17,9.25,12.75,14.0,30.5,54.5,1.8,280.0,0.0
113,6,5,18,11.75,17.0,17.5,28.75,60.0,1.9,260.0,0.0
114,6,5,19,12.25,17.0,18.25,28.0,63.0,0.1,0.0,0.0
115,6,5,20,13.75,19.5,20.5,28.0,64.0,0.8,210.0,0.0
116,6,5,21,14.25,20.0,21.25,28.0,65.0,2.2,160.0,0.0
117,6,5,22,14.75,20.75,22.0,28.0,67.75,0.4,120.0,0.0
118,6,5,23,16.25,22.75,24.25,28.0,68.0,1.8,100.0,0.0
119,6,6,0,21.0,30.5,32.5,27.75,68.75,1.7,120.0,0.0
120,6,6,1,22.75,33.75,37.75,27.0,68.5,1.8,130.0,0.0
121,6,6,2,21.25,30.75,34.25,27.0,69.5,2.9,100.0,0.0
122,6,6,3,16.75,22.5,24.75,27.0,71.5,2.0,130.0,0.0
123,6,6,4,14.25,18.75,20.25,26.5,72.0,1.3,160.0,0.0
124,6,6,5,13.75,18.5,19.0,27.0,72.0,1.7,130.0,0.0
125,6,6,6,15.75,23.25,25.5,27.0,71.0,2.9,130.0,0.0
126,6,6,7,11.25,17.75,21.25,27.0,70.0,3.1,140.0,0.0
127,6,6,8,14.0,20.25,22.75,27.25,69.25,3.8,160.0,0.0
128,6,6,9,8.75,12.0,14.0,28.75,66.5,5.6,170.0,0.0
129,6,6,10,1.75,3.5,4.25,29.0,62.0,4.7,160.0,0.0
130,6,6,11,1.0,1.5,2.5,29.0,62.75,5.2,170.0,0.0
131,6,6,12,1.5,2.25,4.25,29.0,59.75,5.8,180.0,0.0
132,6,6,13,1.0,1.75,2.25,29.5,58.75,5.7,200.0,0.0
133,6,6,14,1.25,1.5,3.25,30.0,58.5,5.8,190.0,0.0
134,6,6,15,1.0,1.5,2.25,30.0,60.25,5.6,180.0,0.0
135,6,6,16,1.0,1.5,2.5,30.0,61.5,4.2,170.0,0.0
136,6,6,17,1.0,1.75,3.25,29.0,66.25,3.4,180.0,0.0
137,6,6,18,1.0,2.0,4.0,29.0,70.0,2.8,150.0,0.0
138,6,9,17,9.5,11.0,12.0,27.5,66.5,0.9,230.0,0.0
139,6,9,18,8.75,11.5,12.75,28.5,63.5,1.4,160.0,0.0
140,6,9,19,8.75,12.0,13.5,28.0,63.75,1.0,140.0,0.0
141,6,9,20,8.5,12.5,12.75,28.0,64.75,1.9,130.0,0.0
142,6,9,21,9.5,11.75,12.75,28.0,65.0,2.3,140.0,0.0
143,6,9,22,13.25,16.75,18.5,28.0,66.75,2.7,140.0,0.0
144,6,9,23,11.5,15.75,18.0,27.75,68.25,1.7,150.0,0.0
145,6,10,0,12.5,17.5,19.5,27.25,69.0,2.1,130.0,0.0
146,6,10,1,11.5,15.75,18.0,27.0,69.25,1.3,120.0,0.0
147,6,10,2,12.0,15.0,16.5,27.0,69.25,1.8,100.0,0.0
148,6,10,3,12.5,16.0,16.25,27.0,67.25,1.3,110.0,0.0
149,6,10,4,11.5,15.0,16.75,27.0,69.5,1.1,130.0,0.5
150,6,10,5,14.25,18.5,21.75,27.0,71.5,2.0,100.0,0.0
151,6,10,6,13.5,16.5,18.5,27.5,68.25,1.9,90.0,0.0
152,6,10,7,8.5,10.0,11.5,28.0,65.25,1.9,120.0,0.0
153,6,10,8,6.0,7.5,9.25,28.25,62.25,2.5,120.0,0.0
154,6,10,9,6.75,8.0,8.25,30.25,56.5,3.0,150.0,0.0
155,6,10,10,6.0,7.5,7.75,30.25,55.0,3.8,140.0,0.0
156,6,10,11,6.25,7.0,8.5,31.0,54.0,3.4,180.0,0.0
157,6,10,12,5.25,7.0,8.5,30.25,57.5,2.2,150.0,0.0
158,6,10,13,2.75,3.25,4.25,30.5,58.0,2.3,150.0,2.5
159,6,10,14,2.75,3.25,3.75,26.25,75.5,4.3,210.0,9.5
160,6,10,15,1.75,3.5,5.5,23.25,97.5,1.6,90.0,2.0
161,6,10,16,2.25,5.25,9.25,24.0,98.25,3.0,80.0,0.5
162,6,10,17,1.75,2.25,3.0,24.5,95.75,2.6,80.0,2.5
163,6,10,18,1.25,1.25,1.5,25.0,91.25,3.0,100.0,0.0
164,6,10,19,1.0,1.25,1.25,25.0,86.5,3.3,110.0,0.0
165,6,10,20,1.0,1.6666666666666667,2.3333333333333335,25.0,84.33333333333333,2.9,100.0,0.0
166,6,10,21,1.0,2.0,2.0,25.5,82.25,2.9,110.0,0.0
167,6,10,22,1.25,2.0,2.0,26.0,79.5,3.6,100.0,0.0
168,6,10,23,1.0,1.75,2.5,26.0,77.5,2.7,110.0,0.0
169,6,11,0,1.0,1.5,1.75,26.0,77.25,3.0,110.0,0.0
170,6,11,1,1.0,1.25,1.25,26.0,77.25,3.8,110.0,0.0
171,6,11,2,1.25,2.0,2.5,25.25,81.25,2.2,120.0,2.5
172,6,11,3,2.25,3.0,3.5,25.75,83.0,3.3,100.0,0.0
173,6,11,4,5.75,6.5,6.5,25.25,82.25,3.5,100.0,0.0
174,6,11,5,1.5,2.25,3.25,25.5,82.0,3.0,100.0,0.5
175,6,11,6,2.75,3.5,4.5,25.5,82.5,3.8,100.0,1.5
176,6,11,7,2.0,2.5,3.0,26.0,81.0,4.1,100.0,0.0
177,6,11,8,2.0,2.5,3.5,26.0,81.25,3.8,80.0,10.0
178,6,11,9,4.25,5.5,7.0,25.0,85.0,2.0,90.0,34.0
179,6,11,10,1.25,2.5,3.0,25.0,87.0,3.9,340.0,34.5
180,6,11,11,3.75,5.75,8.0,24.0,92.25,2.5,290.0,27.5
181,6,11,12,4.5,7.25,9.5,24.75,89.0,1.9,100.0,0.05
182,6,11,13,6.5,8.5,9.25,27.25,80.75,1.7,70.0,0.0
183,6,11,14,6.75,8.75,10.75,28.5,75.0,2.2,40.0,3.5
184,6,11,15,4.0,5.0,6.5,27.25,77.0,1.4,60.0,0.0
185,6,11,16,5.5,6.75,7.25,27.75,73.75,2.2,350.0,0.0
186,6,11,17,7.25,10.75,11.25,27.5,74.0,2.5,70.0,0.0
187,6,11,18,7.75,10.25,11.0,27.0,75.0,2.6,70.0,0.0
188,6,11,19,5.5,8.25,9.0,27.0,75.25,1.3,80.0,0.0
189,6,11,20,4.75,7.25,8.0,27.0,76.0,0.1,0.0,0.0
190,6,11,21,5.75,9.0,10.0,26.0,76.0,1.6,20.0,0.0
191,6,11,22,7.75,11.0,11.75,26.0,75.5,1.6,60.0,0.0
192,6,11,23,3.75,5.25,5.25,26.0,74.0,2.8,70.0,0.0
193,6,12,0,1.75,3.25,3.25,26.0,73.25,2.0,40.0,0.0
194,6,12,1,2.25,3.5,4.0,26.0,74.0,1.1,100.0,0.5
195,6,12,2,3.5,6.25,7.25,26.0,74.5,2.9,300.0,0.05
196,6,12,3,4.25,6.25,8.25,25.0,79.25,0.5,30.0,2.0
197,6,12,4,4.75,7.25,9.75,25.0,79.0,1.9,80.0,6.0
198,6,12,5,4.75,8.0,9.5,25.0,79.0,3.9,100.0,2.0
199,6,12,6,1.75,4.0,6.0,25.0,79.5,3.7,100.0,8.0
200,6,12,7,3.75,6.0,6.25,25.0,80.25,2.5,100.0,1.5
201,6,12,8,6.0,9.75,10.5,24.75,82.0,3.2,110.0,14.0
202,6,12,9,4.0,6.25,6.5,25.0,80.5,3.3,100.0,2.0
203,6,12,10,3.75,5.5,6.0,26.0,77.75,4.1,110.0,0.05
204,6,12,11,2.5,4.0,4.5,28.0,69.0,3.3,130.0,0.0
205,6,12,12,5.25,7.5,8.25,28.5,66.5,2.8,130.0,0.0
206,6,12,13,6.0,8.0,9.25,28.75,68.0,2.7,150.0,0.0
207,6,12,14,7.25,11.0,12.5,29.5,64.75,2.8,180.0,0.0
208,6,12,15,7.75,9.5,10.0,29.5,64.25,2.3,230.0,0.0
209,6,12,16,8.75,11.25,11.5,28.0,68.5,1.6,280.0,0.0
210,6,12,17,8.333333333333334,12.333333333333334,13.333333333333334,28.0,73.66666666666667,2.4,360.0,0.0
211,6,12,18,10.5,15.0,16.75,28.0,74.5,1.3,360.0,0.0
212,6,12,19,8.0,10.75,11.5,27.0,74.25,1.1,10.0,0.0
213,6,12,20,5.75,8.25,8.75,27.0,74.0,1.1,360.0,0.0
214,6,12,21,11.75,17.25,18.75,27.0,75.75,1.7,350.0,0.0
215,6,12,22,12.25,18.25,20.25,26.75,77.25,0.9,330.0,0.0
216,6,12,23,20.0,32.75,39.25,26.0,78.25,0.2,0.0,0.0
217,6,13,0,12.0,20.25,21.75,27.0,77.75,1.1,110.0,0.0
218,6,13,1,12.25,18.0,20.25,26.0,76.75,1.0,100.0,0.0
219,6,13,2,9.0,13.25,14.75,26.0,74.75,1.4,110.0,0.0
220,6,13,3,8.25,12.25,13.75,26.0,73.25,1.8,110.0,0.0
221,6,13,4,7.75,11.0,13.0,26.0,73.25,1.7,120.0,0.0
222,6,13,5,10.75,15.5,16.75,26.0,74.0,2.8,110.0,0.0
223,6,13,6,10.0,15.25,18.75,26.5,74.25,1.6,330.0,0.5
224,6,13,7,14.0,20.5,21.0,26.75,76.75,1.4,40.0,1.5
225,6,13,8,16.0,24.0,27.0,27.25,75.0,1.3,100.0,0.0
226,6,13,9,19.75,28.75,32.75,29.0,71.5,1.5,60.0,2.0
227,6,13,10,17.25,25.25,28.25,30.25,66.75,2.2,140.0,0.0
228,6,13,11,7.0,9.25,9.5,30.75,59.0,4.0,160.0,0.0
229,6,13,12,3.75,4.75,5.75,31.25,55.5,4.8,170.0,0.0
230,6,13,13,3.5,4.5,5.5,30.5,58.0,4.7,170.0,0.0
231,6,13,14,4.25,6.25,6.5,29.25,66.25,3.2,160.0,5.5
232,6,13,15,4.75,7.5,8.5,29.0,73.0,4.0,150.0,0.0
233,6,13,16,4.75,7.0,10.25,29.25,68.25,3.3,140.0,0.0
234,6,13,17,1.75,2.75,3.75,29.0,62.75,2.9,100.0,0.0
235,6,13,18,4.5,7.0,7.75,28.0,67.75,2.5,90.0,0.0
236,6,13,19,5.75,8.5,8.75,27.25,73.0,1.5,40.0,2.5
237,6,13,20,7.0,9.75,10.25,27.0,76.75,3.0,130.0,2.5
238,6,13,21,6.75,9.75,10.5,26.25,77.25,1.0,70.0,0.5
239,6,13,22,6.75,9.0,10.0,26.5,77.75,2.9,110.0,2.0
240,6,13,23,2.25,4.25,4.75,26.0,76.75,2.0,140.0,0.5
241,6,14,0,2.0,4.75,9.0,26.0,75.5,3.8,100.0,0.0
242,6,14,1,2.5,4.0,6.5,26.0,77.25,1.8,10.0,4.0
243,6,14,2,6.25,8.75,10.25,26.0,80.75,1.4,110.0,0.0
244,6,14,3,4.25,7.25,10.25,24.75,83.75,2.9,250.0,7.0
245,6,14,4,3.5,6.5,10.75,25.25,84.5,1.0,60.0,0.5
246,6,14,5,4.0,7.0,9.5,26.0,81.0,2.7,30.0,0.5
247,6,14,6,3.0,5.0,5.75,26.0,79.75,2.0,70.0,5.5
248,6,14,7,3.0,4.75,5.5,26.75,77.0,2.0,40.0,4.0
249,6,14,8,3.75,5.5,6.75,26.5,78.0,1.8,120.0,3.0
250,6,14,9,4.0,6.0,6.25,27.25,76.5,1.0,180.0,0.0
251,6,14,10,5.5,8.25,10.25,29.0,68.75,3.4,120.0,0.0
252,6,14,11,3.0,4.5,5.0,29.75,66.0,1.7,140.0,0.0
253,6,14,12,5.5,8.0,9.75,30.0,63.75,2.5,120.0,0.0
254,6,14,13,9.0,12.25,13.25,29.75,63.25,2.4,280.0,0.0
255,6,14,14,13.75,21.0,22.5,29.0,66.5,1.8,300.0,0.0
256,6,14,15,14.25,20.5,22.25,31.0,60.75,1.4,250.0,0.0
257,6,14,16,13.5,18.25,18.75,29.75,63.0,3.0,290.0,0.0
258,6,14,17,7.25,11.0,12.25,28.5,66.25,3.7,320.0,0.0
259,6,14,18,7.75,11.5,12.75,27.0,69.5,3.8,340.0,0.0
260,6,14,19,4.25,6.75,8.5,26.5,69.75,3.6,340.0,0.0
261,6,14,20,7.75,12.75,16.0,26.0,70.75,2.2,360.0,0.0
262,6,14,21,13.75,20.0,22.75,26.0,70.5,1.8,10.0,0.0
263,6,14,22,19.5,29.75,33.0,26.0,71.5,1.3,30.0,0.0
264,6,14,23,21.5,32.75,38.5,26.0,72.75,0.3,10.0,0.0
265,6,15,0,22.75,35.5,44.75,26.0,73.75,2.0,320.0,0.0
266,6,15,1,29.75,46.25,56.5,26.0,74.75,2.2,350.0,0.0
267,6,15,2,26.2,42.4,53.4,25.2,74.4,2.6,340.0,0.0
268,6,15,3,25.75,40.75,52.25,25.0,72.5,2.0,350.0,0.0
269,6,15,4,25.25,39.0,50.0,25.0,72.25,2.0,350.0,0.0
270,6,15,5,28.25,44.25,57.0,25.0,72.25,1.5,340.0,0.0
271,6,15,6,29.0,46.25,57.0,25.25,72.75,2.2,330.0,0.0
272,6,15,7,29.75,45.75,57.0,26.0,70.25,2.0,350.0,0.0
273,6,15,8,27.25,42.25,52.5,27.0,67.0,2.2,340.0,0.0
274,6,15,9,26.75,41.0,51.5,27.5,65.75,2.8,340.0,0.0
275,6,15,10,21.5,31.25,35.25,29.0,62.0,1.6,330.0,0.0
276,6,15,11,17.75,25.0,26.25,30.75,55.25,2.2,290.0,0.0
277,6,15,12,16.75,25.0,27.25,32.0,50.25,3.2,300.0,0.0
278,6,15,13,11.0,16.5,18.0,32.25,48.5,4.1,290.0,0.0
279,6,15,14,8.0,11.5,13.25,31.75,49.0,4.2,300.0,0.0
280,6,15,15,10.0,15.0,16.0,32.0,48.0,2.4,270.0,0.0
281,6,15,16,12.5,16.75,17.5,30.75,50.0,1.9,260.0,0.0
282,6,15,17,13.5,20.25,20.75,29.25,54.25,1.5,290.0,0.0
283,6,15,18,15.5,23.5,25.5,28.0,59.0,1.8,190.0,0.0
284,6,15,19,17.25,25.75,27.5,27.0,61.0,1.7,230.0,0.0
285,6,15,20,16.75,25.5,26.0,27.0,61.75,0.6,210.0,0.0
286,6,15,21,21.25,30.75,35.5,28.0,62.0,1.4,340.0,0.0
287,6,15,22,24.5,36.75,44.5,27.0,63.25,1.6,340.0,0.0
288,6,15,23,26.0,39.5,49.5,27.0,64.25,0.8,360.0,0.0
289,6,16,0,29.5,45.5,57.5,27.0,65.0,0.0,0.0,0.0
290,6,16,1,28.5,44.0,53.75,27.0,65.5,0.5,120.0,0.0
291,6,16,2,26.75,41.75,50.5,27.0,66.0,0.4,150.0,0.0
292,6,16,3,23.25,35.75,43.0,27.0,66.25,0.1,0.0,0.0
293,6,16,4,21.5,32.5,39.25,26.0,68.75,0.3,170.0,0.0
294,6,16,5,21.25,33.25,39.25,26.0,70.0,0.1,0.0,0.0
295,6,16,6,27.75,40.5,50.5,26.5,69.75,2.0,340.0,0.0
296,6,16,7,28.25,44.75,56.0,27.0,66.25,0.8,340.0,0.0
297,6,16,8,28.0,42.5,53.75,28.0,60.75,1.9,300.0,0.0
298,6,16,9,27.0,39.75,48.0,28.75,57.75,1.1,290.0,0.0
299,6,16,10,25.5,38.25,45.5,30.75,52.0,1.6,310.0,0.0
300,6,16,11,22.5,33.25,39.25,31.75,49.0,3.3,200.0,0.0
301,6,16,12,22.0,31.25,37.25,29.75,54.25,3.2,180.0,0.0
302,6,16,13,25.0,36.25,43.5,30.0,57.0,2.6,200.0,0.0
303,6,16,14,24.75,36.5,43.5,30.5,54.75,3.2,230.0,0.0
304,6,16,15,22.25,32.75,36.75,31.0,53.75,3.2,220.0,0.0
305,6,16,16,18.75,27.0,30.25,29.25,59.0,3.4,230.0,0.0
306,6,16,17,17.0,26.0,29.25,28.25,62.5,1.7,220.0,0.0
307,6,16,18,12.75,19.25,21.0,27.25,65.75,1.1,240.0,0.0
308,6,16,19,12.25,18.5,20.25,27.0,67.25,2.4,220.0,0.0
309,6,16,20,3.25,4.5,4.75,27.0,69.25,1.3,210.0,0.0
310,6,16,21,2.5,3.25,4.25,27.75,66.75,1.6,240.0,0.0
311,6,16,22,2.5,4.5,4.5,27.25,67.0,0.7,340.0,0.0
312,6,16,23,9.25,14.0,16.0,27.0,68.0,1.6,350.0,0.0
313,6,17,0,13.0,18.25,19.75,27.0,69.5,1.0,50.0,0.0
314,6,17,1,11.0,16.25,17.75,27.0,69.5,0.5,360.0,0.0
315,6,17,2,11.0,16.75,17.25,27.0,70.0,1.3,360.0,0.0
316,6,17,3,10.25,14.25,15.5,26.75,70.25,1.3,360.0,0.0
317,6,17,4,15.75,22.5,24.75,26.5,71.25,1.4,30.0,0.0
318,6,17,5,13.25,19.0,21.25,26.5,71.5,0.6,60.0,0.0
319,6,17,6,8.75,12.0,13.25,27.0,69.5,1.5,60.0,0.0
320,6,17,7,7.25,10.75,11.25,28.5,63.5,3.5,140.0,0.0
321,6,17,8,5.75,8.5,8.75,28.5,60.25,3.7,150.0,0.0
322,6,17,9,9.5,13.75,15.75,28.5,61.5,2.9,160.0,0.0
323,6,17,10,10.75,15.0,15.5,29.5,58.75,4.5,190.0,0.0
324,6,17,11,8.0,10.5,10.5,29.75,59.75,3.9,190.0,0.0
325,6,17,12,4.5,5.75,7.0,30.5,57.25,5.8,180.0,0.0
326,6,17,13,3.0,4.25,4.5,30.0,59.0,5.7,180.0,0.0
327,6,17,14,2.25,3.5,4.0,30.0,59.5,4.1,160.0,0.0
328,6,17,15,1.75,2.75,3.25,29.5,61.0,4.3,160.0,0.0
329,6,17,16,2.0,3.75,4.75,29.0,64.5,3.4,150.0,0.0
330,6,17,17,2.0,3.75,3.75,29.0,64.75,3.4,160.0,0.0
331,6,17,18,3.0,4.75,5.0,28.5,65.0,2.4,160.0,0.0
332,6,17,19,3.5,5.25,6.0,28.0,65.75,2.2,130.0,0.0
333,6,17,20,3.5,6.75,8.0,28.0,64.25,2.3,130.0,0.0
334,6,17,21,7.25,11.25,14.25,28.75,64.25,1.4,150.0,0.0
335,6,17,22,6.75,10.0,12.25,28.25,66.5,1.1,150.0,0.0
336,6,17,23,5.25,8.25,9.5,28.0,69.0,2.0,110.0,0.0
337,6,18,0,7.5,12.25,13.25,28.0,67.5,1.9,110.0,0.0
338,6,18,1,6.0,9.5,10.75,27.5,69.5,2.3,140.0,0.0
339,6,18,2,6.5,10.5,12.5,27.0,71.5,2.0,140.0,0.0
340,6,18,3,8.5,13.5,15.25,27.0,73.5,1.8,130.0,0.0
341,6,18,4,8.25,12.25,14.25,27.0,73.0,2.0,110.0,0.0
342,6,18,5,4.25,5.75,8.0,27.0,70.25,1.8,110.0,0.0
343,6,18,6,5.0,6.5,9.0,27.0,68.25,2.1,140.0,0.0
344,6,18,7,6.0,8.75,9.5,27.75,67.0,2.2,150.0,0.0
345,6,18,8,7.5,11.75,11.75,28.0,66.25,3.5,160.0,0.0
346,6,18,9,12.5,17.5,20.25,29.0,63.0,3.0,150.0,0.0
347,6,18,10,15.25,20.75,21.5,29.25,63.0,3.9,160.0,0.0
348,6,18,11,10.25,13.75,16.25,30.0,61.75,3.2,180.0,0.0
349,6,18,12,5.5,7.75,8.0,31.5,55.0,3.4,200.0,0.0
350,6,18,13,4.25,6.25,7.0,32.0,52.25,3.5,180.0,0.0
351,6,18,14,4.0,5.0,5.25,32.0,54.5,3.8,210.0,0.0
352,6,18,15,2.75,3.5,4.5,31.5,51.75,3.4,180.0,0.0
353,6,18,16,1.75,2.25,2.25,31.0,49.5,3.0,190.0,0.0
354,6,18,17,1.5,3.25,4.0,31.0,52.0,2.6,180.0,0.0
355,6,18,18,2.5,4.0,4.75,29.75,54.75,2.7,160.0,0.0
356,6,18,19,3.75,6.5,7.25,29.0,59.75,2.2,160.0,0.0
357,6,18,20,3.5,5.5,5.5,29.0,61.0,2.2,160.0,0.0
358,6,18,21,2.0,3.75,4.25,29.0,58.75,1.5,150.0,0.0
359,6,18,22,3.25,5.5,7.25,29.0,58.75,2.9,130.0,0.0
360,6,18,23,9.5,12.0,13.5,28.5,61.5,2.5,140.0,0.0
361,6,19,2,11.0,15.0,20.0,28.0,64.0,2.1,120.0,0.0
362,6,19,3,8.666666666666666,14.666666666666666,17.666666666666668,28.0,65.0,1.6,100.0,0.0
363,6,19,5,10.0,13.25,15.75,28.0,64.5,2.0,110.0,0.0
364,6,19,6,11.0,15.25,17.25,28.0,63.25,1.1,110.0,0.0
365,6,19,7,8.25,12.25,14.75,28.0,62.25,1.4,150.0,0.0
366,6,19,8,9.25,12.25,14.5,28.5,63.5,2.4,210.0,0.0
367,6,19,9,8.5,11.0,11.5,28.75,63.25,3.2,220.0,0.0
368,6,19,10,7.75,11.25,13.25,29.0,62.25,4.1,220.0,0.0
369,6,19,11,7.25,9.75,9.75,29.25,61.5,3.7,230.0,0.0
370,6,19,12,7.0,9.25,10.75,30.0,58.25,3.8,210.0,0.0
371,6,19,13,4.0,5.75,6.75,30.25,55.75,2.3,230.0,0.0
372,6,19,14,4.0,6.25,7.25,31.25,55.0,2.9,260.0,0.0
373,6,19,16,3.0,4.25,4.5,30.75,55.0,2.8,250.0,0.0
374,6,19,17,1.6666666666666667,2.3333333333333335,3.0,30.0,55.666666666666664,2.6,270.0,0.0
375,6,19,18,4.333333333333333,6.0,7.0,28.666666666666668,64.0,1.7,260.0,0.0
376,6,19,19,3.0,4.5,4.75,28.0,66.5,1.4,260.0,0.0
377,6,19,20,2.5,3.25,4.75,28.0,68.75,2.0,290.0,0.0
378,6,19,21,2.25,3.5,5.25,28.0,68.5,1.4,310.0,0.0
379,6,19,22,3.25,5.25,5.5,28.0,68.5,2.0,250.0,0.0
380,6,19,23,4.0,5.25,5.5,28.0,70.0,0.3,360.0,0.0
381,6,20,0,2.0,2.5,3.5,28.0,69.0,1.3,270.0,0.0
382,6,20,1,2.0,2.75,3.25,28.0,69.75,0.0,0.0,0.0
383,6,20,2,5.25,7.75,8.25,28.0,70.25,0.9,180.0,0.0
384,6,20,3,6.25,9.0,9.75,27.75,72.0,1.1,150.0,0.0
385,6,20,4,5.25,8.0,10.25,27.0,72.5,0.6,160.0,0.0
386,6,20,5,6.5,9.25,10.0,27.0,72.5,0.5,170.0,0.0
387,6,20,6,6.25,9.0,9.5,27.75,70.75,0.2,0.0,0.0
388,6,20,7,8.25,11.75,12.75,28.75,67.25,1.6,260.0,0.0
389,6,20,8,4.5,6.75,7.5,29.0,63.25,1.3,250.0,0.0
390,6,20,9,3.0,4.25,5.25,29.0,61.75,2.1,230.0,0.0
391,6,20,10,1.75,3.25,3.75,29.0,62.5,2.9,260.0,0.0
392,6,20,11,2.5,3.75,4.0,29.25,61.25,3.3,240.0,0.0
393,6,20,12,1.25,2.25,2.75,29.25,59.0,3.2,250.0,0.0
394,6,20,13,1.0,1.75,2.25,30.0,57.75,3.4,250.0,0.0
395,6,20,14,1.75,2.25,2.25,30.0,55.75,2.7,250.0,0.0
396,6,20,15,2.0,3.0,3.75,30.0,58.5,4.3,230.0,0.0
397,6,20,16,2.5,4.25,4.75,29.25,61.5,3.4,260.0,0.0
398,6,20,17,3.75,5.25,5.5,29.0,64.25,2.4,280.0,0.0
399,6,20,18,3.75,6.0,8.25,28.25,66.0,2.4,290.0,0.0
400,6,20,19,4.75,6.0,6.75,28.0,67.0,1.8,230.0,0.0
401,6,20,20,4.0,6.0,6.5,28.0,67.0,1.8,180.0,0.0
402,6,20,21,4.25,6.25,7.5,28.0,68.5,1.3,210.0,0.0
403,6,20,22,3.0,4.75,5.5,28.0,69.5,1.2,210.0,0.0
404,6,20,23,3.0,4.5,6.0,28.0,69.25,1.4,160.0,0.0
405,6,21,0,3.25,4.75,6.0,27.25,71.25,2.2,160.0,0.0
406,6,21,1,3.5,5.0,6.0,27.0,72.5,1.9,160.0,0.0
407,6,21,2,4.75,7.0,7.5,27.0,72.0,1.6,150.0,0.0
408,6,21,3,5.75,7.5,8.25,27.0,73.25,1.1,140.0,0.0
409,6,21,4,9.5,13.5,15.0,27.0,73.0,1.9,100.0,0.0
410,6,21,5,10.25,14.75,15.75,27.0,73.0,1.4,80.0,0.0
411,6,21,6,10.75,16.0,16.5,27.5,71.5,1.3,120.0,0.0
412,6,21,7,9.75,14.25,17.0,28.0,70.0,1.7,140.0,0.0
413,6,21,8,9.75,12.0,14.75,28.5,66.25,1.9,200.0,0.0
414,6,21,9,8.0,10.5,12.25,28.25,63.5,3.0,220.0,0.0
415,6,21,10,5.0,6.75,7.25,29.0,62.25,2.2,230.0,0.0
416,6,21,11,2.5,4.25,4.75,29.25,59.75,3.3,270.0,0.0
417,6,21,12,4.25,6.0,6.0,29.0,58.75,3.8,260.0,0.0
418,6,21,13,4.75,5.25,5.75,29.5,58.5,3.9,230.0,0.0
419,6,21,14,3.75,5.75,6.75,30.0,57.0,3.7,250.0,0.0
420,6,21,15,5.5,7.0,7.0,30.5,55.5,3.1,260.0,0.0
421,6,21,16,4.75,6.75,7.5,29.5,58.25,2.5,240.0,0.0
422,6,21,17,4.0,5.5,6.5,29.0,60.75,3.3,250.0,0.0
423,6,21,18,6.0,7.75,9.25,28.5,64.25,2.5,220.0,0.0
424,6,21,19,7.0,9.0,9.5,28.0,69.5,2.4,210.0,0.0
425,6,21,20,7.0,9.75,9.75,28.0,69.0,1.8,160.0,0.0
426,6,21,21,6.25,9.0,9.25,28.0,69.5,1.9,150.0,0.0
427,6,21,22,6.5,9.0,9.25,28.0,71.25,2.6,170.0,0.0
428,6,21,23,6.75,9.5,10.0,28.0,72.0,2.3,150.0,0.0
429,6,22,0,8.5,12.0,12.75,28.0,71.25,2.0,130.0,0.0
430,6,22,1,10.5,14.75,16.25,28.0,70.25,1.8,110.0,0.0
431,6,22,2,11.25,15.75,17.25,28.0,70.0,1.5,110.0,0.0
432,6,22,3,9.5,13.25,14.5,28.0,69.25,1.6,100.0,0.0
433,6,22,4,9.5,13.25,14.75,28.0,69.25,2.0,60.0,0.0
434,6,22,5,8.25,12.0,12.25,28.0,68.25,0.9,110.0,0.0
435,6,22,6,8.75,11.75,12.75,28.0,67.0,2.0,140.0,0.0
436,6,22,7,9.75,13.75,15.75,28.5,66.5,2.3,120.0,0.0
437,6,22,8,8.75,11.25,11.75,29.0,65.0,0.7,180.0,0.0
438,6,22,9,4.0,6.0,6.0,29.5,59.75,2.5,250.0,0.0
439,6,22,10,3.75,5.25,5.5,30.75,54.5,2.2,290.0,0.0
440,6,22,11,3.25,4.75,4.75,31.75,50.75,2.5,260.0,0.0
441,6,22,12,3.0,4.0,4.5,32.25,48.25,3.5,210.0,0.0
442,6,22,13,2.75,3.25,4.0,32.0,47.5,3.1,220.0,0.0
443,6,22,14,3.25,4.25,4.75,31.75,50.25,2.3,200.0,0.0
444,6,22,15,3.25,5.0,5.0,32.0,50.25,2.7,220.0,0.0
445,6,22,16,4.25,5.5,5.75,31.0,52.75,2.3,210.0,0.0
446,6,22,17,4.0,6.0,6.5,30.0,56.75,2.5,210.0,0.0
447,6,22,18,5.75,8.25,9.25,29.0,60.5,2.2,200.0,0.0
448,6,22,19,5.75,8.0,8.75,28.25,64.0,2.5,170.0,0.0
449,6,22,20,5.0,6.75,7.25,28.0,66.75,2.3,160.0,0.0
450,6,22,21,5.5,7.25,8.5,28.0,68.0,2.2,160.0,0.0
451,6,22,22,5.25,7.5,8.25,28.0,67.0,1.9,150.0,0.0
452,6,22,23,6.5,9.25,10.5,28.0,68.0,2.6,150.0,0.0
453,6,23,0,5.0,7.25,8.5,28.0,69.5,2.3,150.0,0.0
454,6,23,1,5.25,7.25,8.0,28.0,70.5,2.2,130.0,0.0
455,6,23,2,8.75,12.5,14.5,28.0,67.75,3.0,100.0,0.0
456,6,23,3,10.75,14.5,15.0,27.75,69.25,2.4,100.0,2.0
457,6,23,4,10.75,14.0,15.5,27.0,70.5,3.0,100.0,0.0
458,6,23,5,9.0,12.25,13.5,27.0,69.5,1.6,110.0,0.0
459,6,23,6,8.25,12.0,12.25,28.0,66.5,1.6,110.0,0.0
460,6,23,7,7.5,10.75,11.25,29.25,62.5,1.6,100.0,0.0
461,6,23,8,3.75,5.25,6.0,29.0,61.5,2.4,130.0,0.0
462,6,23,9,1.25,3.0,3.75,29.0,62.0,1.5,100.0,0.0
463,6,23,10,1.5,2.25,2.5,31.5,54.75,0.9,130.0,0.0
464,6,23,11,2.0,3.75,4.25,31.25,55.25,3.3,150.0,0.0
465,6,23,12,1.5,2.75,3.75,30.0,62.0,2.6,130.0,0.5
466,6,23,13,2.5,3.5,4.0,30.5,61.25,0.9,230.0,0.0
467,6,23,14,2.5,4.75,6.5,31.0,58.75,1.4,90.0,0.0
468,6,23,15,2.5,4.0,4.75,29.75,61.25,3.1,80.0,0.5
469,6,23,16,2.0,2.75,2.75,29.0,63.0,1.6,70.0,12.5
470,6,23,17,1.5,2.25,3.0,27.25,70.0,2.5,70.0,0.5
471,6,23,18,1.0,1.5,2.75,26.75,69.75,1.9,90.0,0.0
472,6,23,19,1.5,2.25,2.75,27.0,70.25,2.4,70.0,0.0
473,6,23,20,1.75,3.0,3.75,27.0,70.75,2.1,80.0,0.0
474,6,23,21,2.25,3.5,4.75,27.0,70.75,1.5,100.0,0.0
475,6,23,22,2.25,4.25,4.25,27.0,70.5,1.1,110.0,0.0
476,6,23,23,3.5,5.5,6.25,27.0,69.75,0.6,100.0,0.0
477,6,24,0,3.0,4.5,5.5,27.0,69.75,2.0,100.0,0.0
478,6,24,1,4.5,6.5,8.25,27.0,69.75,1.8,120.0,0.0
479,6,24,2,3.5,6.0,6.5,27.0,69.0,1.9,130.0,0.0
480,6,24,3,3.0,4.25,4.5,27.0,68.75,1.7,110.0,0.0
481,6,24,4,2.25,3.75,4.5,27.0,68.5,2.4,100.0,0.0
482,6,24,5,3.5,5.5,6.5,27.0,67.5,2.4,90.0,0.0
483,6,24,6,4.75,7.5,8.75,27.0,67.0,1.6,70.0,0.0
484,6,24,7,4.25,6.75,7.75,26.75,69.75,2.3,100.0,4.0
485,6,24,8,4.25,6.25,6.75,26.75,74.5,1.8,70.0,0.0
486,6,24,9,4.25,6.25,7.0,27.75,67.75,0.5,180.0,0.0
487,6,24,10,5.5,7.0,8.5,28.0,66.5,0.8,110.0,0.0
488,6,24,11,7.5,11.25,11.75,30.5,61.0,1.1,70.0,0.0
489,6,24,12,6.5,8.5,10.0,32.0,57.0,1.9,70.0,0.0
490,6,24,13,5.0,6.5,6.75,31.25,58.25,0.8,70.0,0.0
491,6,24,14,6.5,9.25,10.25,31.0,59.25,0.7,280.0,0.0
492,6,24,15,10.25,13.75,16.25,30.5,59.75,1.8,230.0,0.0
493,6,24,16,7.0,9.5,11.5,29.75,59.5,1.6,200.0,0.0
494,6,24,17,7.0,10.0,11.75,28.5,63.5,0.8,190.0,0.5
495,6,24,18,8.25,12.0,12.75,28.5,68.0,0.7,20.0,0.5
496,6,24,19,6.5,9.75,10.5,28.0,71.75,1.9,40.0,0.05
497,6,24,20,5.75,7.75,8.25,28.0,71.0,1.3,30.0,0.0
498,6,24,21,3.5,6.25,7.5,28.0,70.75,0.1,0.0,0.0
499,6,24,22,3.75,5.25,6.0,28.0,70.75,0.0,0.0,0.05
500,6,24,23,5.0,7.5,9.0,27.5,72.25,1.9,60.0,0.0
501,6,25,0,5.25,6.75,7.25,27.0,72.75,1.9,70.0,0.0
502,6,25,1,4.25,6.0,7.0,27.0,72.5,0.3,300.0,0.0
503,6,25,2,9.5,14.5,17.0,27.0,72.0,0.0,0.0,0.0
504,6,25,3,12.0,18.5,21.5,27.0,72.25,1.1,110.0,0.0
505,6,25,4,9.25,13.25,15.75,27.0,71.75,1.5,100.0,0.0
506,6,25,5,7.0,10.75,12.25,27.0,71.5,0.8,50.0,0.0
507,6,25,6,6.0,8.5,9.5,27.5,69.0,0.3,70.0,0.0
508,6,25,7,5.25,7.75,9.75,28.25,65.0,0.9,60.0,0.0
509,6,25,8,9.5,13.25,14.75,29.5,61.25,1.2,70.0,0.0
510,6,25,9,10.25,13.5,14.5,29.5,60.5,4.8,190.0,0.5
511,6,25,10,2.25,5.25,9.5,23.5,91.0,3.0,110.0,11.5
512,6,25,11,3.0,6.75,10.25,23.0,94.5,4.0,110.0,3.0
513,6,25,12,2.0,4.0,6.25,23.75,91.25,3.4,110.0,0.5
514,6,25,13,1.0,2.5,2.75,25.25,85.0,2.6,110.0,0.0
515,6,25,14,2.5,4.0,4.25,28.0,74.5,1.4,130.0,0.0
516,6,25,15,2.0,3.75,4.5,29.0,65.25,2.8,140.0,0.0
517,6,25,16,1.25,2.5,2.75,30.0,58.75,0.5,120.0,0.0
518,6,25,17,1.0,2.25,2.25,29.75,56.25,1.4,170.0,0.0
519,6,25,18,2.75,4.5,5.0,28.5,62.0,1.5,190.0,0.0
520,6,25,19,4.25,7.0,7.5,27.5,63.0,1.6,220.0,0.0
521,6,25,20,6.25,8.0,8.0,27.0,70.25,2.1,230.0,0.0
522,6,25,21,1.75,3.25,4.75,26.0,72.25,1.6,270.0,0.0
523,6,25,22,1.0,2.0,2.25,26.25,72.75,0.0,0.0,0.0
524,6,25,23,1.0,2.5,2.75,26.5,72.0,1.6,210.0,0.0
525,6,26,0,1.0,2.5,2.5,26.25,74.25,0.0,0.0,0.0
526,6,26,1,2.25,3.75,4.5,27.0,74.0,1.9,80.0,0.0
527,6,26,2,2.75,4.75,7.0,26.0,74.75,1.7,80.0,0.0
528,6,26,3,4.25,7.5,10.75,26.25,73.75,2.0,110.0,0.0
529,6,26,4,3.75,6.0,9.0,26.25,71.25,1.4,140.0,0.0
530,6,26,5,2.0,3.5,4.25,26.0,69.5,2.5,140.0,0.0
531,6,26,6,3.5,6.25,7.75,25.75,69.75,5.4,160.0,0.0
532,6,26,7,1.5,3.0,3.75,25.0,74.75,3.4,140.0,0.0
533,6,26,8,1.0,2.75,3.75,25.0,73.75,2.7,140.0,0.5
534,6,26,9,2.25,4.0,5.0,26.0,72.25,1.8,60.0,0.5
535,6,26,10,5.0,8.0,10.25,27.0,69.0,3.0,130.0,0.05
536,6,26,11,3.25,5.0,6.75,28.5,63.75,1.3,140.0,0.5
537,6,26,12,3.25,4.25,5.25,29.0,62.0,1.8,160.0,0.05
538,6,26,13,8.5,12.0,13.75,28.75,63.25,1.0,120.0,0.0
539,6,26,14,7.75,10.5,12.0,29.0,63.0,2.3,110.0,0.0
540,6,26,15,5.5,7.25,8.0,30.75,58.5,2.4,110.0,0.0
541,6,26,16,5.25,7.25,8.5,29.0,62.0,3.6,110.0,0.0
542,6,26,17,4.25,6.75,7.25,28.75,63.25,3.0,110.0,0.0
543,6,26,18,5.0,7.25,9.75,27.5,66.5,3.0,110.0,0.0
544,6,26,19,5.25,8.25,10.0,26.25,71.5,3.7,120.0,0.0
545,6,26,20,3.0,5.25,5.5,26.0,74.25,2.0,150.0,0.0
546,6,26,21,4.75,7.5,9.75,26.0,75.75,2.5,130.0,0.0
547,6,26,22,4.75,7.75,9.5,25.75,75.75,3.2,130.0,0.0
548,6,26,23,7.0,11.0,12.5,26.0,75.25,2.9,110.0,0.0
549,6,27,0,8.25,13.25,15.25,26.0,74.75,2.5,100.0,0.0
550,6,27,1,10.25,17.0,19.75,26.0,74.25,2.4,120.0,0.0
551,6,27,2,7.75,12.25,15.0,26.0,74.75,2.5,110.0,0.0
552,6,27,3,6.25,10.75,10.75,26.0,74.25,1.9,100.0,0.0
553,6,27,4,3.75,5.5,8.25,26.0,73.0,2.2,80.0,0.0
554,6,27,5,4.5,7.5,10.5,26.0,72.5,2.0,110.0,0.0
555,6,27,6,6.0,9.75,12.0,26.0,72.5,3.3,140.0,0.0
556,6,27,7,7.25,10.75,13.0,26.25,73.25,2.9,130.0,0.0
557,6,27,8,5.0,7.5,8.75,27.0,68.75,2.7,120.0,0.0
558,6,27,9,4.5,6.75,7.25,28.0,65.25,3.4,130.0,0.0
559,6,27,10,7.25,9.25,9.25,29.5,60.25,2.8,140.0,0.0
560,6,27,11,5.0,7.75,8.25,29.0,63.25,2.0,140.0,0.5
561,6,27,12,2.75,4.5,4.75,27.75,68.75,1.6,150.0,0.05
562,6,27,13,5.0,7.75,8.25,28.5,66.0,2.6,90.0,0.0
563,6,27,14,6.75,10.5,12.25,31.0,57.75,1.4,140.0,0.0
564,6,27,15,7.75,10.5,11.25,29.75,60.0,2.0,160.0,0.0
565,6,27,16,17.25,25.25,26.5,29.0,64.0,4.0,170.0,0.0
566,6,27,17,7.25,9.25,9.5,28.5,65.75,3.4,140.0,0.0
567,6,27,18,8.0,11.0,12.25,27.25,70.5,3.2,140.0,0.0
568,6,27,19,10.25,15.0,17.75,27.0,73.0,2.5,140.0,0.0
569,6,27,20,15.75,23.75,27.0,27.0,74.25,2.6,120.0,0.0
570,6,27,21,15.0,22.25,24.5,27.0,74.5,2.5,110.0,0.0
571,6,27,22,12.0,17.25,18.25,27.0,75.25,1.9,150.0,0.0
572,6,27,23,17.75,25.5,28.75,26.0,77.0,2.6,130.0,0.0
573,6,28,0,12.75,17.0,18.75,26.0,78.5,2.6,130.0,0.0
574,6,28,1,11.0,17.5,20.75,26.0,77.5,1.5,100.0,0.0
575,6,28,2,11.0,16.5,18.5,26.0,77.0,2.3,100.0,0.0
576,6,28,3,9.5,14.5,18.25,26.0,77.0,1.7,100.0,0.0
577,6,28,4,6.0,9.0,10.0,26.0,76.0,2.8,110.0,0.0
578,6,28,5,5.75,8.0,8.5,26.25,75.25,1.9,80.0,0.0
579,6,28,6,6.0,9.0,10.25,27.0,71.75,2.9,100.0,0.0
580,6,28,7,9.5,13.25,15.5,27.75,68.0,1.8,140.0,0.0
581,6,28,8,11.5,16.75,18.0,28.0,68.5,3.4,160.0,0.0
582,6,28,9,8.0,11.0,12.5,28.25,66.0,2.8,150.0,0.0
583,6,28,10,6.25,9.0,10.5,29.0,62.5,3.4,200.0,0.0
584,6,28,11,6.25,9.75,11.0,29.25,62.25,3.5,190.0,0.0
585,6,28,12,6.5,9.5,9.5,30.0,60.75,4.4,210.0,0.0
586,6,28,13,6.0,7.5,8.0,30.5,59.5,4.2,190.0,0.0
587,6,28,14,5.75,8.0,9.25,30.5,60.5,4.8,170.0,0.0
588,6,28,15,6.0,8.0,9.5,30.25,61.25,3.7,180.0,0.0
589,6,28,16,4.5,7.0,8.0,30.5,61.75,5.0,170.0,0.0
590,6,28,17,4.75,6.5,6.75,29.0,64.25,4.2,170.0,0.0
591,6,28,18,5.25,7.5,7.75,28.5,67.75,3.1,160.0,0.0
592,6,28,19,5.0,7.25,7.25,28.0,72.5,3.2,160.0,0.0
593,6,28,20,6.5,9.25,12.0,28.0,73.0,2.3,160.0,0.0
594,6,28,21,6.75,9.25,10.0,28.0,73.75,2.8,140.0,0.0
595,6,28,22,8.75,12.75,14.25,28.0,74.0,2.7,130.0,0.0
596,6,28,23,9.5,12.75,13.5,28.0,73.25,2.8,130.0,0.0
597,6,29,0,8.5,11.75,14.75,27.5,74.5,2.0,110.0,0.0
598,6,29,1,7.5,10.75,12.25,27.25,74.0,2.9,120.0,0.0
599,6,29,2,8.5,13.5,15.0,27.0,74.75,2.5,100.0,0.0
600,6,29,3,8.25,13.25,14.25,27.0,75.0,1.4,110.0,0.0
601,6,29,4,6.25,9.0,10.75,27.0,74.5,1.8,110.0,0.0
602,6,29,5,5.75,8.25,9.0,27.0,73.0,1.9,90.0,0.0
603,6,29,6,6.25,9.75,10.5,27.75,70.75,2.0,130.0,0.0
604,6,29,7,8.75,11.5,14.0,28.0,70.5,2.1,130.0,0.0
605,6,29,8,11.0,15.5,18.75,28.0,71.0,1.9,140.0,0.0
606,6,29,9,7.75,11.5,12.5,29.25,66.5,2.9,190.0,0.0
607,6,29,10,5.5,7.75,8.5,28.75,65.5,3.3,220.0,0.0
608,6,29,11,4.0,5.25,6.0,29.25,64.0,3.4,210.0,0.0
609,6,29,12,3.25,5.0,6.5,30.25,60.0,4.2,200.0,0.0
610,6,29,13,3.75,5.5,5.5,29.75,64.0,3.2,110.0,0.0
611,6,29,14,5.75,8.75,9.5,30.25,64.5,2.1,130.0,0.0
612,6,29,15,4.75,6.0,6.5,32.25,57.0,3.3,160.0,0.0
613,6,29,16,5.5,8.0,8.25,31.25,58.75,2.9,130.0,0.0
614,6,29,17,8.75,12.0,12.75,29.75,63.5,2.5,160.0,0.0
615,6,29,18,6.5,8.75,8.75,29.0,66.25,2.4,110.0,0.0
616,6,29,19,7.75,12.25,12.75,28.5,68.5,1.9,100.0,0.0
617,6,29,20,11.75,15.75,16.5,28.0,69.0,2.0,100.0,0.0
618,6,29,21,12.0,17.75,19.25,28.0,69.25,1.9,100.0,0.0
619,6,29,22,10.25,13.75,15.5,27.75,69.75,2.5,120.0,0.0
620,6,29,23,9.75,14.5,14.75,27.0,73.0,3.3,140.0,0.0
621,6,30,0,9.25,13.75,14.5,27.0,76.0,2.7,140.0,0.0
622,6,30,1,6.75,9.75,12.0,27.0,76.0,3.1,130.0,0.0
623,6,30,2,7.25,10.5,12.25,27.0,75.25,1.8,120.0,0.0
624,6,30,3,6.0,8.25,9.0,27.0,75.0,0.2,0.0,0.0
625,6,30,4,4.0,6.0,6.5,27.0,74.0,1.8,100.0,0.0
626,6,30,5,4.0,5.75,6.25,27.0,73.75,0.5,90.0,0.0
627,6,30,6,4.0,6.25,7.25,27.25,71.25,1.0,110.0,0.0
628,6,30,7,3.75,5.25,6.25,28.0,68.5,1.9,120.0,0.0
629,6,30,8,5.5,8.75,10.25,28.0,67.75,3.1,160.0,0.0
630,6,30,9,4.0,5.5,6.25,28.75,66.5,5.8,150.0,0.0
631,6,30,10,1.5,2.25,3.25,28.5,67.75,6.0,150.0,0.0
632,6,30,11,1.25,1.5,2.25,28.25,69.0,5.6,160.0,0.0
633,6,30,12,1.0,1.75,2.25,29.0,63.0,7.2,170.0,0.0
634,6,30,13,1.75,2.5,2.75,29.75,62.5,5.1,170.0,0.0
635,6,30,14,1.0,2.0,2.25,30.0,61.0,6.8,170.0,0.0
636,6,30,15,1.5,2.25,2.75,30.0,59.75,5.1,160.0,0.0
637,6,30,16,1.25,2.25,2.75,30.0,62.25,5.1,160.0,0.0
638,6,30,17,2.0,3.0,4.75,29.5,63.25,3.8,160.0,0.0
639,6,30,18,2.75,4.25,5.5,28.75,67.25,2.8,160.0,0.0
640,6,30,19,2.25,3.75,5.5,28.0,69.5,2.7,150.0,0.0
641,6,30,20,2.25,3.25,5.0,28.0,69.0,2.0,160.0,0.0
642,6,30,21,3.0,5.25,6.25,28.0,69.0,1.4,150.0,0.0
643,6,30,22,2.0,3.0,4.25,28.0,69.25,1.6,140.0,0.0
644,6,30,23,2.0,3.5,5.25,28.0,69.0,1.7,140.0,0.0
645,7,1,0,2.0,4.25,5.25,28.0,69.25,0.1,0.0,0.0
646,7,1,1,2.0,3.25,4.25,28.0,69.5,1.5,230.0,0.0
647,7,1,2,2.25,4.25,5.0,28.0,69.75,1.4,230.0,0.0
648,7,1,3,5.25,8.25,9.5,28.0,70.25,2.5,350.0,0.0
649,7,1,4,7.5,11.5,12.5,28.0,69.75,0.8,20.0,0.0
650,7,1,5,4.5,6.25,8.25,28.0,70.0,2.4,30.0,0.0
651,7,1,6,3.75,5.75,6.5,28.0,70.0,2.5,10.0,0.0
652,7,1,7,4.5,6.25,7.0,28.0,70.0,3.7,360.0,0.0
653,7,1,8,6.25,8.75,9.5,29.0,67.75,4.1,330.0,0.0
654,7,1,9,7.25,9.75,10.75,30.0,62.5,3.5,350.0,0.0
655,7,1,10,7.25,9.0,10.0,31.0,57.5,4.3,340.0,0.0
656,7,1,11,10.75,14.75,15.75,32.0,54.25,4.9,330.0,0.0
657,7,1,12,11.75,16.25,18.0,32.5,54.25,5.8,330.0,0.0
658,7,1,13,9.5,12.25,12.5,32.0,56.5,6.1,310.0,0.0
659,7,1,14,4.75,6.0,6.75,33.25,52.75,7.3,310.0,0.0
660,7,1,15,5.0,6.25,7.0,33.5,50.0,6.7,320.0,0.0
661,7,1,16,5.0,7.0,7.25,32.0,53.75,5.5,330.0,0.0
662,7,1,17,4.5,6.25,7.25,30.25,58.75,5.1,320.0,0.0
663,7,1,18,5.0,6.75,7.0,29.5,61.5,3.7,330.0,0.0
664,7,1,19,6.5,9.5,9.75,29.0,62.75,4.5,340.0,0.0
665,7,1,20,5.5,7.75,8.75,29.0,61.75,3.6,350.0,0.0
666,7,1,21,6.0,8.75,11.0,29.0,60.25,3.2,330.0,0.0
667,7,1,22,6.5,9.75,12.5,29.0,60.75,3.2,340.0,0.0
668,7,1,23,10.0,13.25,15.0,29.0,61.5,1.9,300.0,0.0
669,7,2,0,11.5,17.0,18.0,29.0,62.5,1.5,310.0,0.0
670,7,2,1,12.0,17.75,19.5,29.0,63.0,0.8,290.0,0.0
671,7,2,2,11.75,16.5,17.75,28.75,63.75,2.9,170.0,0.0
672,7,2,3,8.25,12.0,12.25,27.75,67.5,5.3,180.0,0.0
673,7,2,4,4.25,7.25,10.0,26.75,76.75,4.0,160.0,0.0
674,7,2,5,4.5,8.25,10.0,26.0,78.0,3.6,140.0,1.0
675,7,2,6,1.75,3.25,5.25,26.0,78.75,5.0,140.0,0.5
676,7,2,7,1.5,3.0,4.5,26.25,76.25,3.4,110.0,0.0
677,7,2,8,1.0,1.25,2.0,27.5,69.25,5.3,130.0,0.0
678,7,2,9,1.25,1.75,1.75,28.0,67.0,6.0,130.0,0.0
679,7,2,10,2.25,4.0,4.75,28.25,67.75,6.0,130.0,0.5
680,7,2,11,1.75,3.25,7.5,28.0,70.25,4.4,130.0,0.05
681,7,2,12,2.0,3.0,3.25,29.0,65.0,6.5,150.0,0.5
682,7,2,13,2.0,3.5,4.75,29.0,62.75,4.8,120.0,0.0
683,7,2,14,3.5,4.75,7.5,28.5,66.5,5.6,160.0,0.05
684,7,2,15,3.75,6.25,8.5,27.75,70.0,5.2,130.0,0.05
685,7,2,16,4.25,6.75,10.0,28.5,67.0,4.6,130.0,0.0
686,7,2,17,1.5,2.5,3.5,27.75,70.0,4.4,120.0,0.05
687,7,2,18,2.25,4.5,7.5,26.0,75.5,3.2,110.0,0.05
688,7,2,19,1.25,2.75,4.5,26.0,74.25,4.6,110.0,0.5
689,7,2,20,1.0,2.25,3.25,26.0,77.0,4.6,100.0,1.0
690,7,2,21,1.75,3.5,4.75,26.0,77.5,4.6,130.0,8.5
691,7,2,22,1.5,3.0,4.5,25.25,81.5,5.7,140.0,7.0
692,7,2,23,1.5,4.0,6.5,25.5,79.75,2.8,120.0,0.0
693,7,3,0,1.25,3.5,6.25,25.5,79.25,3.1,110.0,2.5
694,7,3,1,1.75,5.5,11.75,25.0,83.5,3.4,110.0,3.0
695,7,3,2,1.75,4.0,6.75,25.0,80.75,3.0,90.0,0.0
696,7,3,3,1.25,2.5,4.5,25.5,79.25,5.2,120.0,4.5
697,7,3,4,1.0,1.5,3.0,24.0,84.5,4.8,100.0,3.5
698,7,3,5,1.0,2.0,2.0,25.0,80.0,4.8,90.0,1.0
699,7,3,6,1.0,1.6666666666666667,2.6666666666666665,24.666666666666668,81.0,3.7,140.0,27.5
700,7,3,7,1.75,3.0,3.25,24.0,88.0,3.6,80.0,33.0
701,7,3,8,2.75,5.0,6.5,24.75,84.0,2.5,100.0,6.5
702,7,3,9,4.0,8.0,10.5,25.75,82.75,0.5,240.0,10.5
703,7,3,10,4.0,7.25,13.25,23.0,99.5,2.0,70.0,0.05
704,7,3,11,4.25,8.5,11.75,24.0,100.0,3.2,110.0,1.0
705,7,3,12,6.5,10.5,12.75,25.0,100.0,2.9,150.0,0.0
706,7,3,13,3.75,6.75,8.25,25.25,95.75,1.5,230.0,2.0
707,7,3,14,3.0,5.0,10.0,23.5,99.0,3.7,110.0,18.0
708,7,3,15,2.0,4.0,6.75,23.0,100.0,4.2,90.0,3.5
709,7,3,16,3.5,4.75,6.25,24.0,97.75,4.5,100.0,1.5
710,7,3,17,2.5,4.25,5.0,24.0,96.25,3.5,100.0,5.5
711,7,3,18,2.5,5.75,6.75,23.75,95.75,5.0,140.0,3.0
712,7,3,19,1.0,3.2,4.4,23.2,95.4,3.3,90.0,2.0
713,7,3,20,1.0,2.25,3.0,24.0,90.5,4.3,80.0,1.0
714,7,3,21,1.0,1.0,1.5,24.0,90.25,2.5,100.0,0.05
715,7,3,22,1.0,1.0,2.6666666666666665,24.666666666666668,88.66666666666667,3.6,90.0,0.0
716,7,3,23,1.75,3.25,4.25,24.0,92.0,3.9,110.0,0.0
717,7,4,0,1.0,2.75,5.0,25.0,90.25,4.5,100.0,0.0
718,7,4,1,1.25,2.5,3.5,25.0,88.0,3.5,100.0,0.0
719,7,4,2,1.5,3.0,3.0,25.0,88.75,2.5,110.0,0.0
720,7,4,3,2.0,3.75,4.5,25.0,88.5,4.0,100.0,0.0
721,7,4,4,1.25,2.5,4.5,25.0,87.25,2.8,110.0,0.5
722,7,4,5,1.0,2.0,2.0,25.0,85.5,3.9,100.0,0.05
723,7,4,6,2.25,3.5,6.25,25.0,82.5,4.2,100.0,0.0
724,7,4,7,2.0,3.5,6.0,26.0,79.75,4.2,110.0,0.0
725,7,4,8,3.25,4.25,7.5,26.5,77.5,4.7,130.0,0.0
726,7,4,9,5.25,8.0,9.75,27.0,76.75,4.6,150.0,0.0
727,7,4,10,5.25,8.0,9.75,28.0,69.75,3.4,150.0,0.5
728,7,4,11,1.75,3.5,4.25,28.0,70.75,3.7,130.0,0.05
729,7,4,12,5.5,8.5,10.0,29.25,67.0,2.7,80.0,0.0
730,7,4,13,4.5,8.0,9.0,30.5,62.5,3.3,130.0,0.0
731,7,4,14,2.5,5.0,6.25,28.5,65.75,1.9,150.0,9.0
732,7,4,15,4.75,8.0,9.25,27.0,73.5,2.0,110.0,1.0
733,7,4,16,7.75,11.25,13.5,27.25,73.5,2.2,110.0,0.0
734,7,4,17,8.25,12.25,13.75,28.0,71.75,2.5,140.0,0.0
735,7,4,18,13.0,19.5,21.25,27.75,72.75,1.5,140.0,0.0
736,7,4,19,13.0,19.25,21.5,27.0,72.0,2.0,130.0,0.0
737,7,4,20,15.5,24.0,27.0,27.0,73.0,2.5,140.0,0.0
738,7,4,21,17.25,26.25,31.0,27.0,75.0,1.8,120.0,0.0
739,7,4,22,13.25,19.75,24.75,27.0,75.75,1.9,130.0,0.0
740,7,4,23,11.0,16.25,18.75,27.0,75.5,1.9,130.0,0.0
741,7,5,0,10.0,15.5,18.25,27.0,75.0,2.2,130.0,0.0
742,7,5,1,9.0,14.0,18.25,27.0,75.0,2.9,130.0,0.0
743,7,5,2,8.75,14.25,18.25,26.75,75.0,3.9,170.0,1.5
744,7,5,3,9.75,13.5,17.25,26.0,81.25,2.5,100.0,4.5
745,7,5,4,10.5,17.25,19.25,25.5,83.0,2.2,340.0,17.5
746,7,5,5,5.25,8.5,9.25,25.0,84.5,2.1,50.0,0.05
747,7,5,6,7.25,12.75,14.75,25.25,83.0,2.0,130.0,0.5
748,7,5,7,10.25,14.75,16.25,26.0,82.5,3.8,100.0,0.05
749,7,5,8,5.25,8.0,9.0,26.5,78.25,2.8,90.0,0.0
750,7,5,9,5.5,7.5,9.5,27.0,75.75,5.6,140.0,15.5
751,7,5,10,4.75,8.0,8.75,25.75,82.75,2.1,80.0,5.0
752,7,5,11,4.75,8.5,9.25,26.0,82.25,2.3,80.0,0.0
753,7,5,12,4.5,7.25,8.5,26.0,80.0,2.1,90.0,0.0
754,7,5,13,4.5,7.25,8.75,26.75,77.0,1.3,90.0,0.0
755,7,5,14,4.5,7.5,8.75,28.25,72.25,2.8,110.0,0.0
756,7,5,15,6.0,9.0,12.0,29.0,66.0,2.4,130.0,0.0
757,7,5,16,4.0,6.75,8.75,29.0,61.25,1.9,110.0,0.0
758,7,5,17,3.0,4.5,5.0,29.0,61.5,2.4,120.0,0.0
759,7,5,18,3.5,6.0,8.5,28.0,64.25,2.3,110.0,0.0
760,7,5,19,5.0,7.25,9.5,27.5,66.75,1.3,130.0,0.0
761,7,5,20,6.25,10.25,12.75,27.0,67.5,1.9,120.0,0.0
762,7,5,21,6.75,11.5,14.5,27.0,68.25,1.4,110.0,0.0
763,7,5,22,7.5,11.0,13.75,27.0,70.25,2.0,120.0,0.0
764,7,5,23,5.0,7.25,8.25,27.0,70.75,1.6,100.0,0.0
765,7,6,0,4.0,6.25,8.5,27.0,70.0,1.7,120.0,0.0
766,7,6,1,3.5,6.25,7.5,26.0,69.25,2.0,110.0,0.0
767,7,6,2,2.25,4.25,4.25,26.0,67.5,1.7,100.0,0.0
768,7,6,3,2.5,5.75,7.0,26.0,68.0,2.3,100.0,0.0
769,7,6,4,1.5,3.5,5.25,26.0,67.0,2.6,100.0,0.0
770,7,6,5,2.5,3.75,4.75,26.0,66.25,2.6,100.0,0.0
771,7,6,6,2.25,4.5,6.25,26.25,65.5,3.4,100.0,0.05
772,7,6,7,2.75,4.5,5.5,27.0,66.25,1.9,120.0,0.05
773,7,6,8,5.25,10.25,14.25,27.25,66.0,3.5,140.0,0.0
774,7,6,9,6.5,9.0,10.5,27.25,69.5,3.4,150.0,0.0
775,7,6,10,5.75,8.75,10.0,28.0,67.0,3.9,200.0,0.0
776,7,6,11,6.0,9.0,12.75,28.25,66.25,3.8,130.0,0.5
777,7,6,12,5.75,10.25,12.75,29.0,66.25,4.2,190.0,0.0
778,7,6,13,5.0,8.5,11.25,29.0,64.25,2.8,170.0,0.0
779,7,6,14,5.0,8.5,10.0,29.0,65.75,2.2,230.0,3.5
780,7,6,15,3.25,6.0,8.0,28.25,69.25,4.5,180.0,0.05
781,7,6,16,6.6,9.0,10.8,28.6,68.2,3.0,180.0,0.0
782,7,6,17,7.0,10.5,13.0,28.0,69.75,2.0,160.0,0.0
783,7,6,18,5.0,7.5,9.0,28.0,70.5,1.6,150.0,2.0
784,7,6,19,6.25,9.75,11.75,28.0,73.5,1.6,130.0,0.0
785,7,6,20,6.75,10.5,14.5,28.0,74.0,2.7,160.0,0.0
786,7,6,21,8.0,13.0,16.25,27.5,75.0,2.5,150.0,0.0
787,7,6,22,7.75,12.5,14.5,27.75,75.0,1.7,120.0,0.0
788,7,6,23,8.0,12.25,16.25,27.5,75.0,2.3,120.0,0.0
789,7,7,0,8.75,13.75,15.25,27.0,74.5,3.4,100.0,0.0
790,7,7,1,7.5,10.5,13.25,27.0,74.0,2.4,100.0,0.0
791,7,7,2,7.5,12.0,14.0,27.0,74.0,2.5,110.0,0.0
792,7,7,3,7.5,11.5,15.25,27.0,73.75,2.7,100.0,0.0
793,7,7,4,6.0,9.75,10.5,27.0,74.25,2.0,120.0,0.0
794,7,7,5,6.0,10.25,11.5,26.5,74.0,3.9,100.0,0.0
795,7,7,6,6.25,9.5,10.0,27.0,72.75,2.8,120.0,0.5
796,7,7,7,7.0,10.75,13.5,27.0,74.75,2.5,110.0,1.5
797,7,7,8,7.0,11.25,13.0,27.5,73.0,2.6,110.0,0.5
798,7,7,9,8.25,13.0,16.0,28.0,70.25,2.7,130.0,0.0
799,7,7,10,7.75,13.25,15.5,29.0,66.5,3.6,160.0,0.0
800,7,7,11,8.25,14.25,15.0,29.25,65.5,3.2,160.0,0.0
801,7,7,12,7.0,10.25,11.0,29.75,63.0,2.6,130.0,0.5
802,7,7,13,6.0,10.0,13.75,29.5,64.0,2.2,160.0,0.0
803,7,7,14,6.5,10.75,12.25,30.75,59.75,3.6,170.0,0.0
804,7,7,15,5.25,8.5,9.0,30.0,60.5,2.4,150.0,0.0
805,7,7,16,4.75,8.5,10.5,28.25,63.75,2.1,120.0,1.0
806,7,7,17,5.75,9.25,11.25,28.0,67.25,2.5,100.0,0.05
807,7,7,18,3.5,5.5,7.25,28.0,67.5,3.8,110.0,0.05
808,7,7,19,4.0,6.75,7.5,27.5,69.75,2.9,110.0,0.0
809,7,7,20,5.75,8.5,10.75,27.0,71.0,3.1,100.0,0.0
810,7,7,21,4.5,7.75,9.75,27.0,69.5,3.5,110.0,0.0
811,7,7,22,3.75,7.0,7.0,27.0,69.75,3.0,130.0,0.0
812,7,7,23,4.5,7.25,7.75,27.0,72.25,2.7,100.0,0.0
813,7,8,0,5.75,11.25,14.5,27.0,71.0,2.9,100.0,0.0
814,7,8,1,5.5,10.0,10.5,27.0,71.0,3.0,130.0,2.0
815,7,8,2,2.75,5.25,6.0,26.25,75.25,2.8,100.0,0.0
816,7,8,3,3.0,5.5,6.25,26.5,73.5,2.7,100.0,0.0
817,7,8,4,5.0,7.5,8.75,26.0,72.5,2.0,90.0,0.0
818,7,8,5,5.25,8.25,10.0,26.0,72.0,2.0,90.0,0.0
819,7,8,6,5.0,8.5,10.25,27.0,71.75,0.8,20.0,5.5
820,7,8,7,7.5,11.5,13.0,27.0,76.5,1.5,100.0,0.5
821,7,8,8,8.5,12.0,14.25,27.0,74.5,0.9,340.0,0.5
822,7,8,9,15.0,22.5,26.0,27.0,75.5,0.0,0.0,2.0
823,7,8,10,12.5,18.0,20.5,28.0,74.0,2.3,130.0,0.0
824,7,8,11,8.25,12.75,14.75,28.25,70.0,2.1,130.0,0.0
825,7,8,12,9.75,14.25,17.0,29.0,66.25,4.1,170.0,0.0
826,7,8,13,6.5,10.5,12.5,29.5,63.75,3.3,170.0,0.0
827,7,8,14,5.25,8.25,10.5,29.0,66.0,2.9,150.0,1.0
828,7,8,15,6.25,10.25,11.5,29.0,65.25,3.5,200.0,0.0
829,7,8,16,6.5,10.75,12.25,29.5,65.5,3.1,160.0,0.0
830,7,8,17,5.25,8.75,9.75,29.0,65.5,2.2,120.0,0.0
831,7,8,18,10.0,15.0,17.25,28.25,66.75,3.1,130.0,0.0
832,7,8,19,12.25,19.75,21.5,28.0,70.5,3.6,130.0,0.0
833,7,8,20,15.5,22.75,26.25,28.0,70.0,2.5,120.0,0.0
834,7,8,21,13.75,20.75,24.0,27.0,71.25,2.6,120.0,0.0
835,7,8,22,11.5,18.75,19.25,27.5,71.0,2.8,110.0,0.0
836,7,8,23,11.25,16.75,17.25,27.0,71.75,3.3,110.0,0.0
837,7,9,0,9.5,15.5,16.25,27.0,71.5,2.9,100.0,0.0
838,7,9,1,8.5,12.25,13.25,27.0,71.75,2.7,100.0,0.0
839,7,9,2,7.75,12.75,15.25,26.5,73.5,2.5,120.0,0.0
840,7,9,3,8.0,12.5,14.25,26.5,73.25,2.6,100.0,0.0
841,7,9,4,7.75,13.25,16.5,27.0,72.0,3.3,100.0,0.0
842,7,9,5,6.0,10.25,11.25,27.0,71.75,1.9,100.0,0.05
843,7,9,6,6.0,9.5,10.5,26.75,73.25,2.9,150.0,20.0
844,7,9,7,4.75,7.75,8.25,25.75,82.75,2.9,120.0,3.5
845,7,9,8,10.0,15.25,17.25,26.0,83.25,0.6,330.0,6.0
846,7,9,9,7.75,11.25,13.5,26.0,81.75,1.6,100.0,6.0
847,7,9,10,5.0,8.25,10.25,25.25,81.75,0.7,120.0,18.0
848,7,9,11,5.25,8.75,9.5,26.5,79.75,3.0,60.0,0.05
849,7,9,12,6.0,8.75,11.75,27.75,74.25,2.1,110.0,3.5
850,7,9,13,3.5,6.0,7.25,27.5,73.25,2.5,90.0,0.0
851,7,9,14,6.75,10.25,12.25,29.0,68.5,2.5,100.0,0.0
852,7,9,15,5.0,7.75,9.0,30.0,63.75,2.9,110.0,0.5
853,7,9,16,5.75,8.25,9.75,29.25,66.75,4.5,100.0,0.5
854,7,9,17,6.5,9.25,12.0,28.25,68.5,2.7,80.0,0.0
855,7,9,18,7.5,10.75,11.75,27.75,70.5,2.7,120.0,1.0
856,7,9,19,7.75,11.5,13.75,27.0,73.75,2.4,120.0,0.0
857,7,9,20,7.25,11.75,13.25,27.0,73.25,2.5,100.0,0.0
858,7,9,21,10.25,15.0,16.5,27.0,74.0,3.2,110.0,0.05
859,7,9,22,9.25,14.0,15.0,27.0,74.25,2.7,110.0,2.0
860,7,9,23,10.75,17.0,20.0,27.0,75.5,2.1,120.0,0.05
861,7,10,0,11.25,17.0,21.0,27.0,76.5,2.8,150.0,0.0
862,7,10,1,9.75,15.5,18.5,27.0,77.0,2.3,150.0,0.0
863,7,10,2,10.0,16.75,18.75,27.0,77.0,3.2,130.0,0.0
864,7,10,3,9.75,14.5,17.75,27.0,77.0,2.1,110.0,0.0
865,7,10,4,9.5,14.75,19.0,27.0,77.0,1.7,110.0,0.5
866,7,10,5,8.75,13.5,16.5,27.0,76.75,2.0,120.0,0.0
867,7,10,6,10.0,14.5,15.75,27.0,77.0,3.0,100.0,0.0
868,7,10,7,10.0,15.25,18.25,27.5,75.5,3.2,160.0,2.0
869,7,10,8,11.5,17.5,19.0,27.75,76.5,4.0,160.0,2.5
870,7,10,9,13.25,20.5,25.5,28.0,74.0,5.1,180.0,0.0
871,7,10,10,12.5,18.5,23.75,29.0,69.5,3.3,180.0,1.5
872,7,10,11,10.5,14.75,18.75,29.0,72.25,3.9,150.0,0.5
873,7,10,12,9.5,14.75,18.25,28.5,69.25,3.2,150.0,3.0
874,7,10,13,11.5,17.0,22.0,28.5,75.0,5.1,190.0,0.0
875,7,10,14,11.5,16.75,20.25,29.0,70.0,4.6,150.0,0.0
876,7,10,15,8.25,13.75,17.0,29.0,68.25,3.0,150.0,0.0
877,7,10,16,10.25,16.25,20.5,29.0,69.75,2.2,160.0,0.0
878,7,10,17,9.25,14.25,16.5,29.0,68.75,1.8,160.0,0.0
879,7,10,18,6.75,11.5,13.0,27.0,77.25,3.3,140.0,58.5
880,7,10,19,4.25,7.0,9.25,25.25,83.25,4.0,260.0,42.5
881,7,10,20,1.25,2.25,3.5,24.75,84.25,3.6,70.0,4.0
882,7,10,21,1.5,3.5,4.0,25.0,84.0,3.7,90.0,1.0
883,7,10,22,3.5,5.5,6.25,25.0,82.5,4.1,100.0,8.5
884,7,10,23,3.5,6.0,7.5,25.0,83.0,2.2,130.0,3.5
885,7,11,0,3.25,5.25,6.0,25.0,81.25,2.0,90.0,0.5
886,7,11,1,2.75,4.0,4.0,25.0,80.25,3.9,110.0,0.0
887,7,11,2,2.0,4.0,5.0,25.0,78.5,2.6,100.0,0.0
888,7,11,3,3.0,5.0,6.0,25.0,77.0,3.5,100.0,0.0
889,7,11,4,2.75,5.0,5.5,25.0,76.5,4.2,100.0,0.0
890,7,11,5,3.5,5.0,6.0,25.75,75.25,3.5,100.0,0.0
891,7,11,6,3.25,5.5,5.75,26.0,74.75,2.7,100.0,0.0
892,7,11,7,5.0,8.25,9.75,26.25,73.75,2.3,120.0,0.0
893,7,11,8,8.75,14.0,17.0,27.0,73.25,3.5,140.0,0.0
894,7,11,9,8.5,13.5,15.25,27.25,73.25,4.4,160.0,2.5
895,7,11,10,5.25,7.25,8.75,26.0,76.75,3.0,90.0,13.5
896,7,11,11,7.25,11.0,12.25,26.0,78.0,4.3,100.0,6.5
897,7,11,12,5.25,7.75,9.0,26.0,77.5,3.4,90.0,1.0
898,7,11,13,2.5,5.0,5.75,26.25,77.75,2.3,100.0,0.5
899,7,11,14,3.5,5.75,6.75,27.5,72.5,2.6,110.0,0.0
900,7,11,15,3.75,6.0,6.25,28.5,68.75,1.9,90.0,0.0
901,7,11,16,4.0,5.75,7.0,29.0,65.25,2.2,150.0,0.0
902,7,11,17,6.0,8.75,9.25,28.5,64.75,3.1,140.0,0.0
903,7,11,18,11.75,19.25,23.75,27.5,68.5,3.3,170.0,0.0
904,7,11,19,14.0,22.75,24.0,27.0,72.0,2.3,150.0,0.0
905,7,11,20,12.25,20.0,22.0,26.5,76.25,2.4,140.0,0.0
906,7,11,21,8.0,11.5,14.25,26.0,75.75,2.2,110.0,0.0
907,7,11,22,6.25,10.25,11.75,26.0,73.5,2.3,120.0,0.0
908,7,11,23,4.75,8.5,10.0,26.0,72.5,3.2,100.0,0.0
909,7,12,0,4.75,7.25,8.5,26.0,71.25,2.6,170.0,0.0
910,7,12,1,3.75,7.5,9.25,25.5,76.0,1.6,120.0,5.5
911,7,12,2,3.25,6.25,6.5,25.5,78.5,1.1,80.0,0.05
912,7,12,3,4.25,7.25,8.5,26.0,78.0,0.6,110.0,0.5
913,7,12,4,7.5,10.25,11.0,26.0,78.0,0.9,110.0,0.0
914,7,12,5,14.25,19.0,20.5,26.0,77.25,1.7,110.0,0.0
915,7,12,6,8.5,12.0,14.0,26.0,76.5,2.4,110.0,0.0
916,7,12,7,9.25,13.5,16.0,26.0,74.5,2.5,130.0,0.0
917,7,12,8,10.5,15.0,16.0,26.5,74.5,3.3,150.0,0.0
918,7,12,9,10.0,15.25,17.5,27.0,72.5,2.8,170.0,0.0
919,7,12,10,11.2,16.2,18.4,27.2,70.0,3.8,190.0,0.0
920,7,12,11,10.5,15.5,17.75,28.0,67.75,4.5,190.0,0.0
921,7,12,12,13.0,19.0,20.75,28.75,66.25,3.9,190.0,0.0
922,7,12,13,11.25,17.25,21.25,29.0,64.0,4.3,170.0,0.0
923,7,12,14,10.0,14.75,16.5,29.0,64.5,4.7,170.0,0.0
924,7,12,15,11.0,16.0,17.75,29.25,65.0,4.5,190.0,0.0
925,7,12,16,11.5,16.0,19.5,29.25,65.5,3.4,180.0,0.0
926,7,12,17,11.5,16.5,17.5,29.0,67.5,4.0,180.0,0.0
927,7,12,18,13.25,18.75,19.5,28.5,70.25,2.8,160.0,0.0
928,7,12,19,14.0,20.5,21.75,28.0,71.25,2.7,160.0,0.0
929,7,12,20,14.75,23.0,26.5,28.0,73.5,2.1,150.0,0.0
930,7,12,21,13.75,21.5,22.0,28.0,73.25,2.9,150.0,0.0
931,7,12,22,14.25,21.0,24.25,28.0,74.25,2.7,140.0,0.0
932,7,12,23,13.5,21.25,23.75,28.0,74.0,2.0,150.0,0.0
933,7,13,0,13.5,20.75,24.75,27.5,73.5,2.6,130.0,0.0
934,7,13,1,13.25,19.5,19.75,28.0,73.5,2.4,100.0,0.0
935,7,13,2,15.75,24.5,26.75,27.5,74.75,3.4,130.0,0.0
936,7,13,3,19.25,28.0,32.5,27.0,75.5,2.5,120.0,0.0
937,7,13,4,14.5,22.0,24.5,27.0,74.0,3.5,100.0,0.0
938,7,13,5,13.25,20.5,23.0,27.0,73.0,2.0,110.0,0.0
939,7,13,6,12.5,18.0,19.75,27.25,71.75,2.7,100.0,0.0
940,7,13,7,12.75,18.75,20.0,28.0,70.25,3.1,130.0,0.05
941,7,13,8,12.0,18.75,20.25,28.0,69.75,1.3,120.0,0.5
942,7,13,9,13.25,19.5,21.25,28.25,68.0,2.3,170.0,0.0
943,7,13,10,11.75,17.5,19.25,29.0,66.5,3.5,230.0,1.5
944,7,13,11,12.5,18.0,19.25,28.75,70.25,2.6,200.0,1.0
945,7,13,12,10.5,15.25,16.0,29.0,65.0,2.8,200.0,0.0
946,7,13,13,9.5,12.75,14.25,29.5,60.75,2.6,170.0,0.0
947,7,13,14,9.25,13.5,14.75,30.0,59.5,2.5,220.0,0.0
948,7,13,15,9.5,13.75,15.0,30.25,58.25,3.0,240.0,0.0
949,7,13,16,9.75,14.5,16.25,30.0,59.25,2.5,200.0,0.0
950,7,13,17,9.75,14.0,14.5,29.75,61.75,2.4,220.0,0.0
951,7,13,18,10.75,15.25,16.75,29.0,63.75,1.7,140.0,0.0
952,7,13,19,9.25,13.25,14.25,29.0,65.5,1.5,150.0,0.0
953,7,13,20,12.25,18.0,20.75,29.0,66.5,2.3,140.0,0.0
954,7,13,21,11.75,16.75,20.25,28.25,67.0,1.8,150.0,0.0
955,7,13,22,11.75,16.25,17.5,28.0,67.75,1.6,150.0,0.0
956,7,13,23,12.5,18.0,20.75,28.0,68.0,2.0,150.0,0.0
957,7,14,0,11.75,17.5,21.0,28.0,68.5,1.5,150.0,0.0
958,7,14,1,12.0,18.0,19.5,28.0,68.75,2.3,100.0,0.0
959,7,14,2,11.25,18.75,20.75,28.0,68.25,1.0,110.0,0.0
960,7,14,3,11.75,17.25,19.75,28.0,68.0,2.0,120.0,0.0
961,7,14,4,10.5,14.5,16.75,28.0,67.0,2.7,100.0,0.0
962,7,14,5,10.75,15.25,16.25,27.0,66.5,1.5,100.0,0.0
963,7,14,6,10.5,16.0,17.75,28.0,65.75,2.5,100.0,0.0
964,7,14,7,9.25,14.25,14.5,28.5,64.5,2.6,130.0,0.0
965,7,14,8,12.75,19.25,21.0,28.0,69.0,1.2,130.0,0.5
966,7,14,9,14.25,18.75,21.0,29.0,68.25,2.5,190.0,0.0
967,7,14,10,12.0,17.5,22.0,29.0,66.25,3.5,230.0,0.0
968,7,14,11,10.5,15.25,17.25,29.0,64.25,2.8,230.0,0.0
969,7,14,12,12.0,16.25,17.75,29.5,63.25,2.8,240.0,0.0
970,7,14,13,9.5,14.0,16.0,30.0,59.5,3.8,230.0,0.0
971,7,14,14,10.0,16.0,16.0,30.0,61.25,3.5,260.0,0.0
972,7,14,15,10.25,16.0,18.0,30.0,60.25,2.8,250.0,0.0
973,7,14,16,11.0,16.25,17.5,30.0,60.25,3.2,230.0,0.0
974,7,14,17,9.75,14.25,16.75,29.0,63.25,2.8,210.0,0.0
975,7,14,18,10.5,13.25,15.0,29.0,66.0,2.4,220.0,0.0
976,7,14,19,10.0,15.0,17.5,28.0,68.5,1.5,240.0,0.0
977,7,14,20,9.75,14.25,16.25,28.5,68.0,1.5,220.0,0.0
978,7,14,21,8.5,12.5,15.75,29.0,67.5,1.2,230.0,0.0
979,7,14,22,9.25,14.0,15.5,28.5,67.5,1.6,170.0,0.0
980,7,14,23,9.25,16.25,18.0,28.0,69.5,1.5,160.0,0.0
981,7,15,0,10.5,15.5,17.0,28.0,69.5,1.8,150.0,0.0
982,7,15,1,10.25,15.25,16.5,28.0,69.0,0.7,110.0,0.0
983,7,15,2,12.25,19.25,20.25,28.0,69.5,1.3,100.0,0.0
984,7,15,3,11.25,16.75,18.5,28.0,70.0,1.3,120.0,0.0
985,7,15,4,12.0,18.25,20.25,28.0,70.25,0.0,0.0,0.0
986,7,15,5,13.75,19.25,21.25,28.0,71.0,0.1,0.0,0.0
987,7,15,6,13.0,19.5,23.75,28.0,70.5,0.8,70.0,0.0
988,7,15,7,12.25,17.0,18.75,28.25,69.75,0.2,0.0,0.0
989,7,15,8,14.5,21.25,23.5,29.0,66.75,0.4,10.0,0.0
990,7,15,9,14.75,22.75,24.25,29.0,64.0,2.5,300.0,0.0
991,7,15,10,14.25,21.0,23.0,29.25,64.0,2.8,260.0,0.0
992,7,15,11,12.5,17.5,20.0,30.0,61.5,3.8,270.0,0.0
993,7,15,12,12.0,18.0,20.0,30.0,60.5,4.5,290.0,0.0
994,7,15,13,11.25,16.5,19.0,30.0,60.25,3.5,280.0,0.0
995,7,15,14,10.5,14.5,16.0,30.75,58.5,3.4,280.0,0.0
996,7,15,15,10.5,15.25,17.25,30.25,58.25,3.5,280.0,0.0
997,7,15,16,11.75,17.25,18.75,30.0,60.5,3.7,270.0,0.0
998,7,15,17,12.25,17.75,19.75,29.75,61.75,2.6,280.0,0.0
999,7,15,18,13.2,19.0,22.2,29.2,63.2,1.2,290.0,0.0
1000,7,15,19,12.5,17.5,20.25,29.0,62.5,1.6,190.0,0.0
1001,7,15,20,13.5,18.75,21.25,29.25,63.0,0.9,220.0,0.0
1002,7,15,21,12.75,20.5,21.25,29.0,63.25,1.2,190.0,0.0
1003,7,15,22,12.75,19.75,22.0,29.0,64.75,1.8,180.0,0.0
1004,7,15,23,13.5,20.0,21.25,29.0,66.0,0.8,170.0,0.0
1005,7,16,0,11.75,18.5,22.0,29.0,66.25,1.6,290.0,0.0
1006,7,16,1,13.75,20.75,23.5,29.0,67.5,1.9,300.0,0.0
1007,7,16,2,13.75,21.5,24.25,28.75,68.75,1.8,300.0,0.0
1008,7,16,3,15.25,22.25,25.0,28.0,68.5,1.3,300.0,0.0
1009,7,16,4,16.5,23.25,24.75,28.0,69.25,2.2,320.0,0.0
1010,7,16,5,18.25,25.0,27.75,28.0,71.75,1.6,330.0,0.0
1011,7,16,6,14.75,21.75,23.75,28.0,70.0,2.6,330.0,0.0
1012,7,16,7,13.75,20.5,22.75,28.5,67.5,3.0,350.0,0.0
1013,7,16,8,15.25,21.5,24.0,28.5,66.75,3.9,320.0,0.0
1014,7,16,9,15.75,22.75,24.75,29.0,65.75,4.1,330.0,0.0
1015,7,16,10,20.5,30.0,34.25,29.75,60.5,3.5,310.0,0.0
1016,7,16,11,24.0,34.5,40.5,30.0,62.25,3.8,320.0,0.0
1017,7,16,12,19.5,29.0,31.5,30.0,60.0,5.2,290.0,0.0
1018,7,16,13,15.0,22.0,22.5,31.0,56.0,5.8,290.0,0.0
1019,7,16,14,17.5,25.0,28.25,31.0,56.5,5.0,340.0,0.0
1020,7,16,15,15.75,23.5,25.25,31.0,56.75,5.5,310.0,0.0
1021,7,16,16,15.25,23.0,25.25,30.75,56.0,4.9,320.0,0.0
1022,7,16,17,15.75,23.0,24.25,30.25,57.25,4.2,330.0,0.0
1023,7,16,18,18.75,30.25,32.75,29.25,63.5,2.8,340.0,0.0
1024,7,16,19,19.25,29.0,31.5,29.0,65.75,2.8,330.0,0.0
1025,7,16,20,22.75,32.75,38.75,29.0,68.75,2.7,320.0,0.0
1026,7,16,21,25.5,38.75,47.5,29.0,71.0,3.2,340.0,0.0
1027,7,16,22,25.0,39.75,47.75,29.0,70.75,1.6,340.0,0.0
1028,7,16,23,25.0,38.75,47.25,28.25,72.5,1.5,320.0,0.0
1029,7,17,0,25.5,39.75,48.5,28.25,73.25,2.9,320.0,0.0
1030,7,17,1,24.75,37.5,46.25,28.0,73.5,2.5,330.0,0.0
1031,7,17,2,18.75,27.5,31.25,28.0,73.5,2.5,290.0,0.0
1032,7,17,3,15.5,23.5,26.75,28.0,72.0,1.6,310.0,0.0
1033,7,17,4,14.5,22.25,28.25,28.25,70.5,1.1,340.0,0.0
1034,7,17,5,19.5,31.25,40.5,28.25,70.75,2.4,340.0,0.0
1035,7,17,6,26.75,41.25,51.0,29.0,70.25,2.3,10.0,0.0
1036,7,17,7,27.75,42.25,52.0,29.0,68.75,1.8,360.0,0.0
1037,7,17,8,28.5,44.0,55.5,29.75,66.0,2.0,340.0,0.0
1038,7,17,9,31.25,48.5,62.25,29.25,64.5,1.8,340.0,0.0
1039,7,17,10,30.75,46.75,59.25,29.75,63.5,3.1,270.0,0.0
1040,7,17,11,27.0,41.5,52.0,30.0,64.25,4.0,260.0,0.0
1041,7,17,12,26.5,40.5,50.75,30.0,62.5,3.7,280.0,0.0
1042,7,17,13,26.75,39.75,50.0,31.0,60.5,2.6,260.0,0.0
1043,7,17,14,21.0,31.25,36.75,31.75,57.0,1.5,230.0,0.0
1044,7,17,15,21.5,33.25,37.75,31.5,55.0,1.9,200.0,0.0
1045,7,17,16,22.25,32.75,39.25,31.0,56.5,2.3,240.0,0.0
1046,7,17,17,19.75,26.5,28.0,31.0,57.75,2.5,210.0,0.0
1047,7,17,18,19.25,29.5,33.25,30.0,60.25,2.4,170.0,0.0
1048,7,17,19,14.0,22.0,26.0,29.25,64.75,2.1,130.0,0.0
1049,7,17,20,13.0,18.5,22.5,29.0,64.0,1.8,140.0,0.0
1050,7,17,21,10.75,15.5,20.0,29.0,66.5,2.3,120.0,0.0
1051,7,17,22,12.0,18.0,22.5,29.0,68.75,2.9,130.0,0.0
1052,7,17,23,12.75,18.75,22.5,29.0,70.5,2.5,130.0,0.0
1053,7,18,0,17.25,26.0,30.5,29.0,70.25,3.2,110.0,0.0
1054,7,18,1,20.0,31.0,36.0,29.0,70.0,2.4,90.0,0.0
1055,7,18,2,25.0,36.5,45.75,29.0,69.5,2.9,110.0,0.0
1056,7,18,3,23.5,36.25,43.75,28.75,68.5,3.2,100.0,0.0
1057,7,18,4,21.75,33.0,38.75,28.25,66.5,3.3,100.0,0.0
1058,7,18,5,20.75,31.25,37.0,28.75,65.0,2.5,110.0,0.0
1059,7,18,6,19.25,28.5,32.25,29.0,63.25,2.4,110.0,0.0
1060,7,18,7,15.75,23.0,25.5,29.0,62.0,1.1,90.0,0.0
1061,7,18,8,11.75,19.25,23.25,29.75,60.0,2.7,170.0,0.0
1062,7,18,9,9.0,13.25,16.75,30.0,57.75,3.1,140.0,0.0
1063,7,18,10,9.5,15.25,18.25,30.25,58.25,3.0,170.0,0.0
1064,7,18,11,7.0,11.0,13.25,30.25,64.0,5.8,180.0,0.0
1065,7,18,12,2.0,3.5,4.5,29.75,65.75,6.0,170.0,0.0
1066,7,18,13,1.0,2.0,2.5,30.5,63.0,5.3,160.0,0.0
1067,7,18,14,1.0,1.75,3.25,31.0,59.25,3.7,170.0,0.0
1068,7,18,15,5.25,6.75,8.0,30.5,62.0,3.7,140.0,0.0
1069,7,18,16,4.0,7.25,10.25,29.5,69.75,3.6,100.0,10.5
1070,7,18,17,3.75,6.75,7.25,28.75,73.75,2.5,110.0,0.5
1071,7,18,18,1.25,3.75,6.25,29.0,71.5,2.1,100.0,0.0
1072,7,18,19,2.0,3.5,6.0,28.5,70.75,1.4,100.0,0.0
1073,7,18,20,2.0,3.0,4.5,28.5,70.5,3.5,360.0,0.0
1074,7,18,21,1.75,3.5,4.5,29.0,70.0,1.4,20.0,0.0
1075,7,18,22,1.5,3.75,5.75,29.0,70.0,0.2,0.0,0.0
1076,7,18,23,1.5,2.75,5.5,29.0,68.75,1.3,60.0,0.0
1077,7,19,0,1.5,3.25,6.0,28.75,69.0,2.4,40.0,0.0
1078,7,19,1,1.0,2.5,3.0,28.0,69.5,1.9,340.0,0.0
1079,7,19,2,6.25,10.5,12.25,27.5,73.75,3.2,360.0,0.0
1080,7,19,3,9.75,14.5,17.25,28.0,73.5,2.0,350.0,0.0
1081,7,19,4,10.333333333333334,17.0,20.333333333333332,27.666666666666668,73.0,1.9,350.0,0.0
1082,7,19,5,10.5,17.0,21.5,27.0,74.25,3.2,290.0,0.0
1083,7,19,6,7.75,12.75,14.75,27.0,75.75,2.5,280.0,0.0
1084,7,19,7,4.25,7.5,8.75,27.0,76.25,4.1,290.0,0.0
1085,7,19,8,12.25,16.75,20.25,27.75,74.75,3.8,310.0,0.0
1086,7,19,9,7.25,9.5,11.0,27.75,73.5,4.3,310.0,0.0
1087,7,19,10,3.0,4.75,7.75,28.0,72.75,4.0,280.0,0.0
1088,7,19,11,4.25,6.25,7.75,28.0,73.25,1.4,310.0,0.0
1089,7,19,12,2.0,4.5,8.5,28.0,72.0,0.9,250.0,0.0
1090,7,19,13,2.0,4.25,6.25,29.25,66.75,1.6,120.0,0.0
1091,7,19,14,8.5,12.75,15.0,30.0,66.75,2.7,90.0,0.0
1092,7,19,15,9.0,12.75,14.75,30.0,67.5,3.4,120.0,1.0
1093,7,19,16,5.0,8.25,9.25,27.25,74.75,3.4,130.0,51.0
1094,7,19,17,3.0,4.75,6.0,26.0,83.25,2.0,120.0,1.0
1095,7,19,18,2.75,5.25,5.75,26.0,82.0,3.8,90.0,3.5
1096,7,19,19,2.5,4.5,5.25,26.0,81.0,4.7,100.0,2.0
1097,7,19,20,1.0,1.0,1.0,26.0,78.0,4.1,110.0,0.5
1098,7,19,21,1.0,2.3333333333333335,3.3333333333333335,25.333333333333332,77.0,4.5,100.0,0.5
1099,7,19,22,1.0,1.25,1.5,25.25,77.75,3.8,90.0,0.5
1100,7,19,23,1.25,2.5,2.75,26.0,77.0,3.7,90.0,0.5
1101,7,20,0,2.5,5.0,6.0,26.0,76.25,3.8,110.0,0.5
1102,7,20,1,2.25,4.0,4.5,26.0,74.75,3.4,150.0,0.05
1103,7,20,2,2.75,5.0,6.0,26.0,76.25,2.7,120.0,2.0
1104,7,20,3,6.75,10.25,11.75,26.0,77.75,2.9,70.0,2.0
1105,7,20,4,4.75,7.75,8.0,26.0,76.25,3.0,80.0,0.5
1106,7,20,5,3.0,5.0,6.0,26.0,75.5,3.3,100.0,0.0
1107,7,20,6,3.5,5.25,6.25,26.0,73.75,2.8,100.0,0.0
1108,7,20,7,4.75,7.5,8.75,26.0,75.0,2.5,140.0,2.0
1109,7,20,8,9.5,14.0,15.25,26.0,77.75,3.8,100.0,3.5
1110,7,20,9,3.5,5.75,6.75,26.0,74.5,4.0,120.0,0.5
1111,7,20,10,3.75,6.25,6.5,26.0,75.25,1.1,100.0,2.5
1112,7,20,11,2.75,4.5,4.75,26.0,75.75,2.0,130.0,2.0
1113,7,20,12,4.75,8.25,8.25,26.0,76.0,1.1,120.0,4.0
1114,7,20,13,9.0,15.0,18.0,26.0,77.0,2.4,150.0,3.0
1115,7,20,14,6.75,11.5,12.75,26.0,76.0,2.9,160.0,1.0
1116,7,20,15,4.25,7.25,9.5,26.0,74.75,2.0,130.0,0.05
1117,7,20,16,5.0,8.75,11.5,26.0,75.75,1.6,110.0,0.5
1118,7,20,17,6.0,9.75,11.5,26.0,75.0,2.7,90.0,0.0
1119,7,20,18,11.0,15.75,16.5,26.0,75.5,2.6,110.0,0.0
1120,7,20,19,9.75,13.75,15.25,26.0,75.0,3.8,110.0,0.0
1121,7,20,20,7.0,10.75,11.5,26.0,75.0,2.5,100.0,0.0
1122,7,20,21,5.25,8.25,9.75,26.0,73.75,1.9,100.0,0.0
1123,7,20,22,4.5,7.5,10.0,26.0,73.25,3.0,90.0,0.0
1124,7,20,23,6.0,10.0,11.0,26.0,73.25,2.2,100.0,0.0
1125,7,21,0,7.75,11.75,13.0,25.75,75.5,3.3,110.0,0.05
1126,7,21,1,4.0,5.75,6.5,25.0,76.25,2.9,70.0,0.0
1127,7,21,2,4.0,5.25,7.0,25.25,75.0,2.6,90.0,0.0
1128,7,21,3,3.75,5.25,7.0,25.5,76.0,3.0,70.0,0.0
1129,7,21,4,3.5,5.25,5.5,25.0,76.0,2.8,80.0,0.0
1130,7,21,5,4.25,7.25,8.75,26.0,76.0,2.2,100.0,0.0
1131,7,21,6,5.75,8.5,9.25,26.0,74.5,1.9,60.0,0.0
1132,7,21,7,5.5,8.0,8.25,26.75,71.75,1.7,100.0,0.0
1133,7,21,8,4.0,5.25,6.25,25.25,76.5,3.0,350.0,7.5
1134,7,21,9,5.25,8.25,9.75,26.0,77.25,2.8,90.0,0.05
1135,7,21,10,4.0,7.0,7.5,26.0,75.25,3.1,110.0,0.05
1136,7,21,11,4.25,6.75,7.0,26.75,72.5,4.1,110.0,0.5
1137,7,21,12,3.0,4.25,4.25,28.75,65.5,3.0,100.0,0.0
1138,7,21,13,3.25,4.25,4.25,30.0,59.25,2.5,140.0,0.0
1139,7,21,14,4.0,5.75,5.75,30.25,56.75,3.2,140.0,0.0
1140,7,21,15,4.75,6.5,7.75,29.75,57.5,2.8,210.0,0.0
1141,7,21,16,5.5,7.5,8.75,29.0,60.0,1.8,160.0,0.0
1142,7,21,17,6.5,10.0,10.75,29.0,62.75,1.3,170.0,0.0
1143,7,21,18,8.25,12.0,14.5,28.0,65.25,2.8,160.0,0.0
1144,7,21,19,7.5,11.25,12.75,28.0,66.75,1.6,150.0,0.0
1145,7,21,20,5.0,6.5,8.25,27.0,69.0,1.4,130.0,0.0
1146,7,21,21,5.5,8.0,9.25,27.0,70.0,2.2,130.0,0.0
1147,7,21,22,10.0,14.75,16.25,27.0,70.0,1.8,110.0,0.0
1148,7,21,23,9.75,13.75,16.5,27.0,69.5,1.1,120.0,0.0
1149,7,22,0,7.75,12.0,13.75,27.0,68.75,2.0,130.0,0.0
1150,7,22,1,5.75,9.0,10.5,27.0,69.0,1.4,120.0,0.0
1151,7,22,2,3.75,6.0,7.5,27.0,68.0,1.3,90.0,0.0
1152,7,22,3,3.75,4.75,5.5,27.0,67.0,1.6,100.0,0.0
1153,7,22,4,3.25,5.0,6.5,27.0,67.25,3.1,110.0,0.0
1154,7,22,5,2.5,3.5,3.75,26.5,64.75,2.7,120.0,0.0
1155,7,22,6,3.5,5.25,5.25,26.0,65.25,2.8,120.0,0.0
1156,7,22,7,6.25,9.5,10.0,26.5,67.75,3.4,130.0,0.0
1157,7,22,8,12.5,18.5,19.25,27.0,70.75,4.8,150.0,0.0
1158,7,22,9,6.25,9.75,11.5,27.5,67.25,4.8,170.0,0.0
1159,7,22,10,3.25,5.0,6.0,28.5,63.0,4.6,180.0,0.0
1160,7,22,11,1.25,2.25,3.75,27.75,67.5,4.7,170.0,0.0
1161,7,22,12,1.0,2.5,3.5,28.25,65.25,3.8,180.0,0.0
1162,7,22,13,1.0,2.25,3.0,29.25,61.0,4.2,170.0,0.0
1163,7,22,14,1.0,2.0,3.25,29.5,60.0,5.4,160.0,0.0
1164,7,22,15,1.0,2.25,3.25,28.5,63.25,4.5,170.0,0.0
1165,7,22,16,1.0,1.5,2.25,28.0,64.5,5.1,160.0,0.0
1166,7,22,17,1.0,2.0,3.25,28.0,65.25,3.7,150.0,0.0
1167,7,22,18,1.0,2.0,2.25,27.5,67.0,3.4,140.0,0.0
1168,7,22,19,2.5,4.0,5.0,27.0,67.5,1.9,140.0,0.0
1169,7,22,20,4.0,5.75,8.0,27.0,67.5,2.7,140.0,0.0
1170,7,22,21,4.0,7.0,8.25,27.0,68.75,2.4,140.0,0.0
1171,7,22,22,5.5,8.0,9.75,27.0,70.0,2.8,140.0,0.0
1172,7,22,23,5.25,8.0,9.0,27.0,70.5,2.3,100.0,0.0
1173,7,23,0,4.5,6.25,9.0,27.0,69.5,2.7,110.0,0.0
1174,7,23,1,4.0,6.0,6.5,27.0,69.25,0.6,260.0,0.0
1175,7,23,2,2.75,5.5,6.25,27.0,69.75,0.9,80.0,0.0
1176,7,23,3,2.25,4.0,4.75,27.0,69.0,1.7,110.0,0.0
1177,7,23,4,3.25,4.5,4.75,27.0,69.0,1.6,100.0,0.0
1178,7,23,5,6.75,10.75,11.75,27.0,69.0,2.0,110.0,0.0
1179,7,23,6,5.0,8.0,9.25,27.0,67.5,1.9,100.0,0.0
1180,7,23,7,3.75,5.75,6.75,27.0,65.25,2.0,120.0,0.0
1181,7,23,8,5.5,7.75,8.5,27.0,67.5,3.6,140.0,0.0
1182,7,23,9,4.25,6.75,8.0,27.25,65.75,4.1,170.0,0.0
1183,7,23,10,6.25,8.0,8.5,28.0,66.0,5.1,160.0,0.0
1184,7,23,11,1.75,2.5,2.5,28.0,64.25,5.3,180.0,0.0
1185,7,23,12,2.5,5.0,5.5,28.0,64.5,4.9,200.0,0.0
1186,7,23,13,2.5,3.75,4.0,29.0,63.25,5.5,180.0,0.0
1187,7,23,14,3.5,5.5,6.25,29.25,61.5,5.7,180.0,0.0
1188,7,23,15,2.75,5.25,5.75,29.5,61.75,4.1,160.0,0.0
1189,7,23,16,3.25,4.0,4.0,28.75,64.5,2.8,160.0,0.0
1190,7,23,17,4.5,5.5,6.5,28.5,64.25,1.4,160.0,0.0
1191,7,23,18,4.75,7.5,9.25,28.25,65.0,1.9,130.0,0.0
1192,7,23,19,5.75,8.25,9.0,28.0,66.25,1.3,160.0,0.0
1193,7,23,20,5.5,7.5,9.0,28.0,67.5,1.5,160.0,0.0
1194,7,23,21,6.25,9.0,9.5,28.0,68.75,1.6,160.0,0.0
1195,7,23,22,6.25,10.5,12.0,28.0,70.25,2.4,170.0,0.0
1196,7,23,23,7.5,11.5,13.25,27.75,72.0,1.5,120.0,0.0
1197,7,24,0,10.0,13.25,14.25,27.75,71.75,2.5,100.0,0.0
1198,7,24,1,6.0,8.0,9.5,27.0,70.0,1.4,80.0,0.0
1199,7,24,2,7.5,12.0,12.75,27.0,70.5,2.2,100.0,0.0
1200,7,24,3,7.25,11.0,14.5,27.0,71.0,2.3,110.0,0.0
1201,7,24,4,6.0,9.0,9.0,27.0,71.25,2.4,100.0,0.0
1202,7,24,5,5.75,9.5,10.25,27.0,71.25,2.9,100.0,0.0
1203,7,24,6,5.5,8.5,9.75,27.0,70.25,2.7,140.0,0.0
1204,7,24,7,5.75,10.5,11.0,27.0,70.25,2.7,150.0,0.0
1205,7,24,8,8.75,13.75,14.5,27.5,69.25,2.6,160.0,0.0
1206,7,24,9,8.25,11.0,11.75,28.0,66.5,2.9,190.0,0.0
1207,7,24,10,7.25,9.75,10.0,28.25,65.75,3.5,170.0,0.0
1208,7,24,11,7.25,9.75,10.0,28.75,65.25,4.1,170.0,0.0
1209,7,24,12,5.5,8.25,8.25,29.0,65.5,3.4,200.0,0.0
1210,7,24,13,5.25,7.5,8.5,29.0,63.75,4.0,200.0,0.0
1211,7,24,14,6.0,7.5,8.25,29.0,60.75,3.5,220.0,0.0
1212,7,24,15,6.5,8.75,9.0,30.0,60.5,3.0,240.0,0.0
1213,7,24,16,7.5,10.5,11.25,29.5,62.25,3.2,220.0,0.0
1214,7,24,17,7.0,9.5,10.0,29.25,61.25,1.3,240.0,0.0
1215,7,24,18,7.0,8.75,9.0,28.5,61.0,1.6,210.0,0.0
1216,7,24,19,8.0,10.5,11.25,28.0,66.25,2.1,220.0,0.0
1217,7,24,20,7.0,10.25,11.25,28.0,67.5,1.0,220.0,0.0
1218,7,24,21,7.75,11.5,12.25,28.0,67.0,1.6,200.0,0.0
1219,7,24,22,8.0,11.75,11.75,28.0,69.5,1.8,190.0,0.0
1220,7,24,23,8.25,11.75,12.5,28.0,70.25,0.4,160.0,0.0
1221,7,25,0,11.25,15.25,16.75,28.0,70.0,0.8,120.0,0.0
1222,7,25,1,12.5,17.75,19.5,28.0,70.0,1.1,140.0,0.0
1223,7,25,2,13.25,18.75,20.25,27.25,70.0,1.1,130.0,0.0
1224,7,25,3,11.5,15.75,17.25,27.0,70.75,0.3,120.0,0.0
1225,7,25,4,13.25,19.5,21.25,27.0,71.5,0.8,30.0,0.0
1226,7,25,5,13.5,19.5,22.25,27.0,72.0,1.8,60.0,0.0
1227,7,25,6,10.5,15.25,16.75,27.0,71.0,1.4,100.0,0.0
1228,7,25,7,8.0,12.25,13.25,27.5,70.75,1.4,150.0,0.0
1229,7,25,8,9.0,13.5,14.0,28.5,66.5,1.8,230.0,0.0
1230,7,25,9,8.25,11.0,11.5,29.0,62.75,2.4,220.0,0.0
1231,7,25,10,9.5,14.25,14.5,29.0,63.0,2.8,220.0,0.0
1232,7,25,11,8.75,13.0,14.25,29.0,60.25,3.1,220.0,0.0
1233,7,25,12,5.75,8.0,8.25,29.25,57.75,3.2,230.0,0.0
1234,7,25,13,5.75,7.0,7.75,30.0,55.5,4.2,200.0,0.0
1235,7,25,14,5.0,7.25,7.5,30.0,57.0,3.7,230.0,0.0
1236,7,25,15,5.0,7.25,7.75,30.5,56.0,3.9,240.0,0.0
1237,7,25,16,5.75,8.25,8.25,31.0,57.25,2.8,260.0,0.0
1238,7,25,17,5.0,7.25,8.25,30.25,58.5,3.1,240.0,0.0
1239,7,25,18,7.0,9.75,10.0,28.5,64.75,2.4,250.0,0.0
1240,7,25,19,7.5,10.0,10.25,28.0,67.5,1.4,190.0,0.0
1241,7,25,20,8.25,11.0,11.75,28.5,68.0,2.0,140.0,0.0
1242,7,25,21,9.25,13.25,14.0,28.0,68.75,1.7,150.0,0.0
1243,7,25,22,10.75,15.25,16.25,28.0,69.0,1.5,160.0,0.0
1244,7,25,23,9.0,12.5,15.5,28.0,69.75,1.2,150.0,0.0
1245,7,26,0,10.75,15.75,17.75,28.0,71.0,1.4,160.0,0.0
1246,7,26,1,11.5,15.75,17.0,28.0,71.5,0.9,160.0,0.0
1247,7,26,2,10.0,14.5,16.75,28.0,71.0,1.5,140.0,0.0
1248,7,26,3,16.75,23.0,24.0,28.0,71.0,1.8,100.0,0.0
1249,7,26,4,15.25,22.5,24.75,28.0,71.25,1.6,360.0,0.5
1250,7,26,5,15.75,21.25,22.75,27.25,76.0,2.5,70.0,17.5
1251,7,26,6,13.0,19.0,21.0,27.25,75.75,1.0,140.0,0.0
1252,7,26,7,15.5,23.5,23.5,28.25,74.5,1.6,150.0,0.0
1253,7,26,8,12.0,17.75,18.75,29.5,67.25,2.2,220.0,0.0
1254,7,26,9,7.5,10.75,12.5,28.25,67.5,1.6,240.0,0.0
1255,7,26,10,5.25,8.25,8.25,29.0,61.25,2.6,220.0,0.0
1256,7,26,11,7.5,9.5,10.0,29.0,62.5,3.2,200.0,0.0
1257,7,26,12,4.5,7.25,8.25,29.25,62.0,3.9,220.0,0.0
1258,7,26,13,5.5,8.0,8.5,30.5,60.5,4.3,240.0,0.0
1259,7,26,14,5.5,8.0,9.25,31.0,58.5,4.2,230.0,0.0
1260,7,26,15,5.75,8.25,9.5,29.75,62.0,2.6,220.0,0.0
1261,7,26,16,6.75,10.0,10.5,29.0,64.75,1.6,260.0,0.0
1262,7,26,17,7.0,9.0,9.5,29.0,65.0,2.0,260.0,0.0
1263,7,26,18,7.25,10.5,10.75,29.0,66.5,0.6,280.0,0.0
1264,7,26,19,8.75,13.25,14.0,29.0,66.5,1.2,190.0,0.0
1265,7,26,20,10.5,13.75,13.75,29.0,68.0,1.6,70.0,0.0
1266,7,26,21,12.5,16.5,17.0,28.25,69.75,2.7,110.0,0.0
1267,7,26,22,11.75,16.0,17.0,28.0,71.0,2.3,90.0,0.0
1268,7,26,23,11.75,16.5,18.25,28.0,71.25,2.3,100.0,0.0
1269,7,27,0,10.25,15.5,16.5,28.0,70.5,1.9,90.0,0.0
1270,7,27,1,8.0,11.75,12.25,27.0,70.0,2.0,110.0,0.0
1271,7,27,2,8.25,12.0,13.5,27.0,69.25,1.1,100.0,0.0
1272,7,27,3,8.5,13.25,14.25,27.0,69.5,1.3,100.0,0.0
1273,7,27,4,7.0,10.5,11.0,27.0,70.0,1.4,210.0,0.0
1274,7,27,5,7.75,11.5,13.25,27.0,69.0,1.2,160.0,0.0
1275,7,27,6,5.75,9.25,11.0,27.0,69.25,1.4,150.0,0.0
1276,7,27,7,8.5,11.5,13.5,28.0,69.25,2.4,240.0,0.0
1277,7,27,8,3.5,4.75,5.0,26.75,73.0,2.5,220.0,1.5
1278,7,27,9,3.0,3.75,7.75,27.75,69.0,2.3,200.0,0.0
1279,7,27,10,1.5,2.0,2.0,28.5,64.0,3.1,230.0,0.0
1280,7,27,11,1.5,1.75,1.75,29.5,59.75,2.8,190.0,0.0
1281,7,27,12,1.0,2.0,2.0,29.5,57.25,4.5,220.0,0.0
1282,7,27,13,1.5,3.0,3.25,29.5,58.0,3.1,160.0,0.0
1283,7,27,14,2.0,3.5,4.75,30.0,58.75,2.5,170.0,0.0
1284,7,27,15,6.0,8.75,8.75,28.5,65.5,2.7,130.0,0.05
1285,7,27,16,5.75,6.5,7.25,28.0,67.25,2.9,110.0,0.05
1286,7,27,17,7.25,9.0,9.25,29.0,65.0,0.7,80.0,0.0
1287,7,27,18,4.25,5.25,6.25,28.5,65.25,1.9,90.0,0.0
1288,7,27,19,4.25,5.75,6.5,28.0,65.5,2.4,40.0,0.0
1289,7,27,20,3.25,4.25,4.25,28.0,64.25,1.6,40.0,0.0
1290,7,27,21,4.75,6.5,6.5,28.0,65.5,1.1,70.0,0.0
1291,7,27,22,7.0,9.5,10.0,28.0,67.75,0.6,140.0,0.0
1292,7,27,23,3.75,5.5,7.25,27.25,66.0,1.3,90.0,0.0
1293,7,28,0,3.0,3.75,5.5,27.0,65.75,2.3,100.0,0.0
1294,7,28,1,2.5,3.75,5.0,27.0,66.5,2.0,100.0,0.0
1295,7,28,2,3.25,4.5,6.0,27.0,67.0,1.7,100.0,0.0
1296,7,28,3,3.5,5.25,6.0,27.0,67.75,1.9,100.0,0.0
1297,7,28,4,3.25,5.0,6.25,27.0,68.0,0.8,100.0,0.0
1298,7,28,5,4.0,5.5,8.25,27.0,68.25,1.9,70.0,0.0
1299,7,28,6,3.75,5.5,5.5,27.5,66.75,0.2,0.0,0.0
1300,7,28,7,4.5,7.0,8.0,28.5,64.0,0.2,0.0,0.0
1301,7,28,8,3.0,4.75,5.0,28.75,63.0,2.7,240.0,0.0
1302,7,28,9,6.5,8.75,9.75,29.0,62.0,2.7,200.0,0.0
1303,7,28,10,7.5,10.0,11.25,29.75,60.0,3.3,230.0,0.0
1304,7,28,11,8.25,11.25,12.25,29.5,59.75,2.9,260.0,0.0
1305,7,28,12,8.75,12.25,12.25,30.5,57.75,3.0,250.0,0.0
1306,7,28,13,6.25,8.75,9.5,31.0,57.5,4.3,280.0,0.0
1307,7,28,14,5.75,7.0,7.5,30.5,56.0,3.3,190.0,0.05
1308,7,28,15,4.25,6.25,7.25,29.0,64.0,2.1,230.0,1.0
1309,7,28,17,1.0,1.5,1.5,28.0,66.0,1.1,60.0,0.0
1310,7,28,18,1.0,1.5,1.5,27.75,66.0,0.9,40.0,0.0
1311,7,28,19,2.0,3.0,3.0,27.0,67.75,1.3,30.0,0.0
1312,7,28,20,5.5,6.75,7.25,27.0,70.0,2.0,30.0,0.0
1313,7,28,21,5.25,6.75,7.25,27.0,71.0,1.6,360.0,0.0
1314,7,28,22,7.0,9.5,11.0,27.0,71.25,1.1,360.0,0.0
1315,7,28,23,8.5,11.25,14.0,27.0,72.25,1.5,40.0,0.0
1316,7,29,0,7.0,8.25,8.75,27.0,73.0,0.8,30.0,0.0
1317,7,29,1,5.0,6.5,7.0,27.0,73.0,1.4,50.0,0.0
1318,7,29,2,5.5,7.0,7.25,27.0,73.0,1.0,80.0,0.0
1319,7,29,3,4.5,5.75,6.25,26.25,73.5,0.9,40.0,0.0
1320,7,29,4,6.5,7.75,9.25,26.25,73.0,0.2,0.0,0.0
1321,7,29,5,6.75,9.25,10.0,26.75,73.0,1.5,40.0,0.0
1322,7,29,6,8.75,11.25,12.0,27.0,71.75,0.9,10.0,0.0
1323,7,29,7,8.5,11.5,12.5,27.0,69.75,3.2,340.0,0.0
1324,7,29,8,9.5,14.0,15.5,27.5,66.0,2.6,330.0,0.0
1325,7,29,9,8.75,11.5,11.75,28.0,64.0,3.2,360.0,0.0
1326,7,29,10,7.5,9.5,10.0,29.0,60.25,3.5,350.0,0.0
1327,7,29,11,8.75,11.75,12.0,30.25,54.75,2.8,350.0,0.0
1328,7,29,12,10.0,13.0,13.25,32.75,47.25,3.5,290.0,0.0
1329,7,29,13,19.75,27.75,28.5,31.75,55.0,4.0,300.0,0.0
1330,7,29,14,19.0,25.0,26.25,32.75,52.25,4.5,260.0,0.0
1331,7,29,15,10.5,13.0,14.0,32.25,52.0,2.7,270.0,0.0
1332,7,29,16,7.5,9.0,9.75,31.75,51.25,3.0,280.0,0.0
1333,7,29,17,6.25,7.75,8.75,30.5,55.5,3.3,290.0,0.0
1334,7,29,18,7.5,9.5,9.75,29.25,60.0,2.3,300.0,0.0
1335,7,29,19,7.25,9.5,10.5,29.0,63.0,2.8,320.0,0.0
1336,7,29,20,7.0,8.5,9.75,29.0,65.0,2.3,350.0,0.0
1337,7,29,21,8.5,11.5,12.25,28.75,65.75,0.9,10.0,0.0
1338,7,29,22,11.0,15.25,16.75,28.0,66.5,2.0,40.0,0.0
1339,7,29,23,10.5,14.0,15.0,28.0,68.5,0.9,70.0,0.0
1340,7,30,0,11.0,14.5,16.5,28.0,69.5,1.0,40.0,0.0
1341,7,30,1,9.75,13.5,14.5,28.0,69.0,1.7,70.0,0.0
1342,7,30,2,11.75,16.25,17.5,28.0,69.75,0.8,70.0,0.0
1343,7,30,3,12.75,16.0,17.0,27.0,69.0,0.1,0.0,0.0
1344,7,30,4,13.0,18.25,20.25,27.0,68.75,0.7,70.0,0.0
1345,7,30,5,14.5,19.75,21.0,27.0,69.0,1.5,20.0,0.0
1346,7,30,6,15.25,19.5,20.25,27.25,69.0,2.1,20.0,0.0
1347,7,30,7,20.0,28.75,31.25,28.0,69.0,2.6,10.0,0.0
1348,7,30,8,15.5,21.25,22.75,28.0,65.75,2.0,350.0,0.0
1349,7,30,9,15.0,21.25,24.5,28.5,62.75,1.3,360.0,0.0
1350,7,30,10,16.75,23.25,24.5,29.75,58.5,2.2,270.0,0.0
1351,7,30,11,17.75,23.0,24.25,31.0,56.25,4.1,280.0,0.0
1352,7,30,12,16.0,21.5,23.0,31.5,53.25,2.5,310.0,0.0
1353,7,30,13,14.5,18.25,18.25,32.5,48.25,4.4,280.0,0.0
1354,7,30,14,20.75,27.75,28.5,33.25,48.0,4.6,280.0,0.0
1355,7,30,15,19.0,25.5,27.0,33.5,50.75,4.2,270.0,0.0
1356,7,30,16,17.5,22.5,23.0,32.0,51.75,3.1,260.0,0.0
1357,7,30,17,11.5,14.5,15.5,30.0,60.0,2.0,340.0,0.05
1358,7,30,18,17.5,23.5,25.0,29.0,63.5,2.3,70.0,0.0
1359,7,30,19,18.0,25.25,28.0,28.25,64.0,1.9,70.0,0.0
1360,7,30,20,15.75,21.75,22.25,28.0,62.25,1.4,70.0,0.0
1361,7,30,21,14.75,21.0,21.75,28.0,61.0,0.8,80.0,0.0
1362,7,30,22,15.25,20.5,22.0,28.0,62.25,1.3,100.0,0.0
1363,7,30,23,17.75,24.75,26.75,28.0,63.0,1.1,110.0,0.0
1364,7,31,0,19.0,26.0,28.75,28.0,63.0,1.1,30.0,0.0
1365,7,31,1,16.5,21.75,22.25,28.0,63.0,2.4,40.0,0.0
1366,7,31,2,18.5,26.0,28.5,28.0,64.5,1.6,10.0,0.0
1367,7,31,3,18.25,24.75,26.75,28.0,65.0,1.4,10.0,0.0
1368,7,31,4,20.5,28.5,30.0,28.0,65.5,0.6,360.0,0.0
1369,7,31,5,21.75,32.5,37.5,28.0,66.5,1.1,350.0,0.0
1370,7,31,6,24.75,36.25,43.25,28.0,67.0,1.4,360.0,0.0
1371,7,31,7,25.75,37.5,44.5,28.0,68.25,3.5,360.0,0.0
1372,7,31,8,23.5,35.5,43.5,28.5,67.75,3.1,340.0,0.0
1373,7,31,9,26.5,38.75,47.25,29.0,66.0,1.5,320.0,0.0
1374,7,31,10,27.25,40.0,48.5,29.5,62.0,2.3,220.0,0.0
1375,7,31,11,29.5,43.0,53.25,29.5,63.0,3.7,230.0,0.0
1376,7,31,12,27.5,42.25,51.25,30.0,62.75,3.9,220.0,0.0
1377,7,31,13,27.5,41.5,49.75,30.0,62.5,4.0,210.0,0.0
1378,7,31,14,24.25,35.75,41.75,31.0,59.25,4.5,220.0,0.0
1379,7,31,15,13.5,20.0,21.5,30.0,59.5,2.7,250.0,0.0
1380,7,31,16,4.75,6.25,6.5,30.75,56.5,3.9,290.0,0.0
1381,7,31,17,6.25,8.25,9.25,30.0,59.25,4.2,300.0,0.0
1382,7,31,18,9.0,13.5,13.5,29.5,60.75,2.0,290.0,0.0
1383,7,31,19,13.5,19.25,20.5,29.25,61.75,2.3,10.0,0.0
1384,7,31,20,16.0,22.5,24.5,29.0,61.75,2.6,40.0,0.0
1385,7,31,21,18.75,27.0,29.5,29.0,62.5,0.3,360.0,0.0
1386,7,31,22,18.0,25.0,25.5,29.0,62.75,1.9,50.0,0.0
1387,7,31,23,17.25,25.0,27.25,29.0,62.75,1.7,30.0,0.0
1388,8,1,0,17.5,25.0,26.5,29.0,65.0,1.9,360.0,0.0
1389,8,1,1,18.25,24.75,26.0,29.0,66.25,1.0,360.0,0.0
1390,8,1,2,16.25,24.75,26.5,28.5,67.0,1.5,10.0,0.0
1391,8,1,3,18.75,28.5,29.75,28.0,67.25,1.4,30.0,0.0
1392,8,1,4,18.25,25.75,27.0,28.0,67.0,1.6,360.0,0.0
1393,8,1,5,14.5,20.75,22.5,28.0,67.0,1.4,360.0,0.0
1394,8,1,6,14.25,21.5,23.5,28.0,67.0,0.4,30.0,0.0
1395,8,1,7,23.75,34.5,41.5,28.0,67.0,0.8,10.0,0.0
1396,8,1,8,21.5,30.75,33.25,29.0,64.0,2.5,360.0,0.0
1397,8,1,9,18.0,25.75,27.5,29.0,62.25,2.2,340.0,0.0
1398,8,1,10,18.0,25.75,26.5,29.25,61.5,1.7,320.0,0.0
1399,8,1,11,19.2,28.2,30.2,29.4,62.0,2.6,350.0,0.0
1400,8,1,12,22.0,31.0,34.0,29.75,62.75,1.9,280.0,0.0
1401,8,1,13,19.75,25.75,27.75,29.0,65.75,2.4,290.0,0.0
1402,8,1,14,17.75,24.5,27.75,30.0,64.25,2.8,290.0,0.0
1403,8,1,15,18.25,26.75,29.75,30.5,61.0,2.5,360.0,0.05
1404,8,1,16,3.75,5.75,6.25,27.0,66.75,4.2,180.0,36.5
1405,8,1,17,5.25,9.75,10.5,24.5,80.25,2.0,140.0,3.5
1406,8,1,18,7.25,10.25,10.5,25.75,77.25,0.0,0.0,3.0
1407,8,1,19,8.5,13.0,13.0,26.0,76.25,2.3,160.0,1.5
1408,8,1,20,9.25,14.25,14.5,25.5,77.75,1.1,40.0,2.5
1409,8,1,21,7.0,11.25,12.5,26.0,75.5,1.5,60.0,0.0
1410,8,1,22,7.0,9.5,10.25,26.0,74.25,1.1,100.0,0.0
1411,8,1,23,6.75,10.25,10.75,26.0,74.0,1.9,70.0,0.0
1412,8,2,0,7.25,11.0,12.25,26.0,74.75,0.4,70.0,0.0
1413,8,2,1,8.25,12.25,13.25,26.0,74.25,0.2,0.0,0.0
1414,8,2,2,10.25,16.5,16.75,26.0,74.5,0.3,310.0,0.0
1415,8,2,3,9.5,13.5,15.0,26.0,73.0,0.2,0.0,0.0
1416,8,2,4,7.5,11.5,13.25,26.0,74.0,0.3,10.0,0.0
1417,8,2,5,7.75,11.25,11.5,26.0,74.0,1.0,360.0,0.0
1418,8,2,6,11.25,16.25,18.5,26.5,73.5,1.5,40.0,0.0
1419,8,2,7,11.75,17.75,19.0,27.0,71.75,1.4,30.0,0.0
1420,8,2,8,10.0,14.25,15.5,28.0,68.25,1.2,360.0,0.0
1421,8,2,9,12.666666666666666,18.666666666666668,20.333333333333332,28.0,66.0,3.6,360.0,0.0
1422,8,2,10,13.6,19.0,20.8,28.8,64.2,2.0,350.0,0.0
1423,8,2,11,21.0,29.5,31.25,29.75,60.75,2.6,350.0,0.0
1424,8,2,12,21.75,31.75,36.25,31.0,57.5,2.8,360.0,0.0
1425,8,2,13,24.5,35.0,40.5,31.5,55.5,4.3,340.0,0.0
1426,8,2,14,8.75,13.5,15.0,27.5,66.5,7.3,290.0,42.0
1427,8,2,15,12.0,20.75,23.75,23.75,91.0,1.4,360.0,10.0
1428,8,2,16,12.0,18.0,19.0,25.0,87.75,3.2,30.0,2.0
1429,8,2,17,4.0,7.75,7.75,25.0,83.0,3.0,40.0,1.0
1430,8,2,18,3.25,5.0,6.0,25.0,81.5,2.4,40.0,1.5
1431,8,2,19,1.75,3.0,3.75,25.0,80.75,1.4,80.0,0.0
1432,8,2,20,2.75,4.75,5.5,25.0,80.0,2.0,150.0,0.0
1433,8,2,21,3.0,4.75,5.5,24.75,81.5,0.8,150.0,0.0
1434,8,2,22,5.0,8.0,9.5,25.0,82.0,0.3,140.0,0.0
1435,8,2,23,6.75,11.0,11.25,25.0,82.5,1.5,100.0,0.0
1436,8,3,0,5.75,9.75,10.75,25.0,81.5,1.3,140.0,0.0
1437,8,3,1,5.5,8.0,9.0,25.0,81.75,1.1,100.0,0.0
1438,8,3,2,4.75,7.75,9.25,25.0,81.25,1.2,140.0,0.0
1439,8,3,3,4.75,8.25,10.0,25.0,80.0,1.9,90.0,0.0
1440,8,3,4,4.0,6.75,7.75,25.0,79.75,1.0,70.0,0.0
1441,8,3,5,3.25,5.75,8.5,25.0,79.0,1.8,70.0,0.0
1442,8,3,6,3.5,5.0,5.5,25.0,78.5,1.4,60.0,0.0
1443,8,3,7,5.75,8.5,10.0,26.0,75.0,0.2,0.0,0.0
1444,8,3,8,9.5,13.5,14.5,27.0,71.25,1.3,270.0,0.0
1445,8,3,9,13.5,18.25,19.25,27.75,67.25,2.2,260.0,0.0
1446,8,3,10,14.75,22.25,23.75,28.75,64.25,3.3,260.0,0.0
1447,8,3,11,11.75,16.0,17.5,29.0,63.5,3.8,280.0,0.0
1448,8,3,12,9.0,12.333333333333334,12.666666666666666,29.0,61.0,3.8,270.0,0.0
1449,8,3,13,5.0,7.0,7.75,31.0,53.75,5.2,280.0,0.0
1450,8,3,14,4.0,6.0,6.5,33.0,48.5,4.9,270.0,0.0
1451,8,3,15,3.25,4.75,5.25,33.5,47.25,5.5,290.0,0.0
1452,8,3,16,5.75,8.5,9.75,31.0,54.25,3.0,330.0,0.0
1453,8,3,17,13.0,16.0,18.5,30.0,60.25,2.3,310.0,0.0
1454,8,3,18,10.0,15.5,16.75,29.25,62.75,3.3,300.0,0.0
1455,8,3,19,4.0,6.5,8.5,28.75,66.25,1.4,300.0,0.0
1456,8,3,20,9.5,14.0,14.25,29.0,67.25,2.9,100.0,0.0
1457,8,3,21,17.75,24.25,25.75,28.0,67.25,1.1,130.0,0.0
1458,8,3,22,11.75,17.25,18.5,28.0,68.0,1.2,90.0,0.0
1459,8,3,23,13.0,19.0,21.0,28.0,69.25,2.4,130.0,0.0
1460,8,4,0,14.0,21.0,22.25,28.0,70.0,2.0,100.0,0.0
1461,8,4,1,13.25,18.75,21.25,27.5,70.25,0.7,100.0,0.0
1462,8,4,2,13.0,19.25,20.25,27.0,70.5,2.1,100.0,0.0
1463,8,4,3,12.5,19.5,20.0,27.0,70.75,1.6,120.0,0.0
1464,8,4,4,14.75,21.0,22.75,27.0,71.75,1.4,100.0,0.0
1465,8,4,5,14.0,21.0,22.75,27.0,72.25,0.9,90.0,0.0
1466,8,4,6,15.25,21.5,23.25,27.0,71.75,1.8,90.0,0.0
1467,8,4,7,13.75,19.75,21.0,27.25,70.75,1.1,110.0,0.0
1468,8,4,8,14.25,20.5,22.0,28.25,68.25,1.3,150.0,0.0
1469,8,4,9,15.5,20.75,23.25,29.5,62.5,2.0,180.0,0.0
1470,8,4,10,12.25,17.25,18.75,29.25,62.0,3.5,220.0,0.0
1471,8,4,11,13.25,17.75,19.75,29.5,62.25,3.9,220.0,0.0
1472,8,4,12,13.0,18.0,18.75,30.75,57.75,2.5,200.0,0.0
1473,8,4,13,13.75,19.0,20.25,32.5,53.25,3.0,240.0,0.0
1474,8,4,14,16.25,21.25,24.5,33.5,48.25,3.1,260.0,0.0
1475,8,4,15,17.25,21.75,23.75,35.25,47.25,3.9,300.0,0.0
1476,8,4,16,12.25,15.75,17.0,32.5,53.75,4.2,310.0,0.0
1477,8,4,17,13.75,18.5,21.75,31.0,58.0,3.7,300.0,0.0
1478,8,4,18,13.25,16.75,20.0,30.0,61.5,2.8,350.0,0.0
1479,8,4,19,12.5,17.25,18.25,29.0,65.0,2.1,320.0,0.0
1480,8,4,20,12.75,17.5,18.75,29.0,65.75,0.6,290.0,0.0
1481,8,4,21,17.25,23.0,24.25,29.0,66.5,1.1,170.0,0.0
1482,8,4,22,17.5,24.25,27.75,29.0,67.25,1.9,140.0,0.0
1483,8,4,23,20.0,28.25,31.25,29.0,67.75,0.8,110.0,0.0
1484,8,5,0,25.0,35.0,40.0,28.0,68.75,1.3,140.0,0.0
1485,8,5,1,22.25,32.25,37.25,28.0,69.25,1.6,100.0,0.0
1486,8,5,2,22.25,33.0,38.5,28.0,69.75,0.9,130.0,0.0
1487,8,5,3,24.0,33.5,39.75,28.0,70.5,1.3,140.0,0.0
1488,8,5,4,25.0,37.25,43.75,28.0,71.75,0.7,100.0,0.0
1489,8,5,5,22.5,36.0,42.5,28.0,72.0,1.7,110.0,0.0
1490,8,5,6,23.0,34.0,38.0,28.0,70.5,0.0,0.0,0.0
1491,8,5,7,23.75,34.75,41.75,28.75,68.75,1.3,140.0,0.0
1492,8,5,8,17.5,24.0,25.25,29.0,65.0,2.4,200.0,0.0
1493,8,5,9,9.75,13.5,15.75,30.5,56.75,1.0,250.0,0.0
1494,8,5,10,8.0,10.5,10.75,31.0,51.25,2.0,300.0,0.0
1495,8,5,11,7.5,11.0,11.5,31.0,52.5,2.2,250.0,0.0
1496,8,5,12,9.0,12.75,15.0,31.25,52.5,3.2,270.0,0.0
1497,8,5,13,9.25,12.25,12.75,31.75,51.0,3.3,280.0,0.0
1498,8,5,14,12.0,15.25,16.5,33.25,50.75,3.0,240.0,0.0
1499,8,5,15,8.25,11.0,11.0,35.5,43.25,3.3,270.0,0.0
1500,8,5,16,9.0,11.5,11.75,32.75,50.75,2.5,220.0,0.0
1501,8,5,17,11.25,16.0,17.0,31.0,58.75,4.1,110.0,0.05
1502,8,5,18,11.0,16.0,17.0,29.5,65.5,2.1,120.0,1.0
1503,8,5,19,8.25,11.5,12.75,28.0,67.0,1.8,80.0,0.5
1504,8,5,20,6.5,8.25,8.25,28.0,67.5,0.7,120.0,0.05
1505,8,5,21,8.5,12.0,12.5,28.0,68.5,1.3,110.0,0.0
1506,8,5,22,7.25,11.0,11.5,28.0,69.25,1.3,100.0,0.0
1507,8,5,23,7.25,10.75,12.5,28.0,67.75,1.7,130.0,0.0
1508,8,6,0,5.75,8.5,9.0,28.0,66.75,1.5,100.0,0.0
1509,8,6,1,6.5,10.0,10.75,27.25,67.0,1.3,110.0,0.0
1510,8,6,2,6.0,8.5,9.25,27.25,66.75,0.9,70.0,0.0
1511,8,6,3,5.25,8.25,8.75,27.0,68.5,0.7,90.0,0.0
1512,8,6,4,5.25,9.0,9.75,27.0,69.0,1.2,60.0,0.0
1513,8,6,5,6.75,9.5,9.75,27.0,68.75,0.3,70.0,0.0
1514,8,6,6,8.5,12.0,13.75,27.5,69.25,0.0,0.0,0.0
1515,8,6,7,10.0,14.0,16.0,28.5,67.75,0.7,70.0,0.0
1516,8,6,8,8.75,12.5,13.5,29.5,64.5,0.9,180.0,0.0
1517,8,6,9,10.0,15.0,15.25,30.5,60.75,1.7,240.0,0.0
1518,8,6,10,9.5,11.5,11.75,30.5,60.0,2.3,280.0,0.0
1519,8,6,11,5.5,8.0,8.75,31.0,58.5,3.3,270.0,0.0
1520,8,6,12,1.75,3.0,4.75,31.75,53.25,4.3,280.0,0.0
1521,8,6,13,1.5,2.25,3.0,32.0,50.75,4.3,280.0,0.0
1522,8,6,14,3.5,5.0,5.75,32.25,49.75,4.0,280.0,0.0
1523,8,6,15,6.0,9.0,11.0,30.75,56.75,3.0,260.0,0.0
1524,8,6,16,7.75,11.0,12.0,30.25,58.5,2.8,260.0,0.0
1525,8,6,17,8.0,12.5,15.75,28.25,70.75,1.1,190.0,6.0
1526,8,6,18,13.5,20.5,22.5,26.75,81.5,2.2,110.0,7.5
1527,8,6,19,15.5,22.5,24.5,27.5,77.0,2.5,110.0,0.0
1528,8,6,20,14.75,21.25,23.5,27.5,74.0,2.0,110.0,0.0
1529,8,6,21,6.0,9.0,10.0,27.0,73.0,2.7,130.0,0.0
1530,8,6,22,11.75,18.75,20.5,27.0,73.75,3.3,120.0,0.0
1531,8,6,23,12.0,18.25,19.5,27.0,74.0,2.7,120.0,0.0
1532,8,7,0,11.0,16.5,17.5,27.0,74.5,3.0,130.0,0.0
1533,8,7,1,8.5,14.0,15.75,27.0,75.0,3.1,110.0,0.0
1534,8,7,2,10.25,15.5,16.0,27.0,75.25,3.0,100.0,0.0
1535,8,7,3,13.25,21.0,21.5,26.25,75.75,2.7,110.0,0.0
1536,8,7,4,13.75,25.5,29.5,26.0,75.5,3.3,100.0,0.0
1537,8,7,5,9.25,15.25,17.75,26.0,75.25,3.5,110.0,0.0
1538,8,7,6,6.75,10.25,11.0,26.5,74.25,1.4,90.0,0.0
1539,8,7,7,5.5,8.25,9.0,27.0,71.25,1.3,60.0,0.0
1540,8,7,8,7.0,10.25,11.5,28.25,67.25,1.6,100.0,0.0
1541,8,7,9,9.0,14.0,16.0,29.25,63.5,0.6,120.0,0.0
1542,8,7,10,12.0,17.5,17.75,31.0,57.75,2.5,260.0,0.0
1543,8,7,11,19.0,26.0,27.5,31.75,54.5,2.0,260.0,0.0
1544,8,7,12,17.25,24.0,26.25,32.75,54.5,3.7,280.0,0.0
1545,8,7,13,14.75,20.5,22.0,32.25,56.0,3.4,280.0,0.0
1546,8,7,14,17.5,24.75,26.25,33.0,53.25,5.5,290.0,0.0
1547,8,7,15,16.0,23.5,25.25,33.75,49.5,4.4,310.0,0.0
1548,8,7,16,12.25,18.25,19.0,32.5,53.5,2.3,290.0,0.0
1549,8,7,17,12.5,18.0,20.25,31.5,56.25,2.9,310.0,0.0
1550,8,7,18,11.25,16.5,19.0,30.0,65.0,1.1,310.0,0.0
1551,8,7,19,14.0,20.25,21.5,28.75,66.75,2.1,100.0,0.0
1552,8,7,20,11.5,16.5,18.0,28.0,68.5,2.5,100.0,0.0
1553,8,7,21,8.75,14.25,14.5,28.0,67.75,2.4,120.0,0.0
1554,8,7,22,8.25,11.5,12.0,28.0,67.75,2.1,120.0,0.0
1555,8,7,23,11.75,17.0,19.75,28.0,68.75,2.4,100.0,0.0
1556,8,8,0,14.25,21.5,21.5,28.0,69.0,1.6,120.0,0.0
1557,8,8,1,10.25,16.5,17.5,27.25,68.75,1.2,70.0,0.0
1558,8,8,2,11.25,15.25,16.75,27.0,69.0,0.1,0.0,0.0
1559,8,8,3,10.75,15.75,17.25,27.0,69.75,1.7,60.0,0.0
1560,8,8,4,10.5,15.75,16.0,27.0,70.0,0.4,20.0,0.0
1561,8,8,5,14.75,22.0,24.5,27.0,71.75,1.0,30.0,0.0
1562,8,8,6,19.75,28.25,31.75,27.25,71.75,1.5,350.0,0.0
1563,8,8,7,26.25,40.25,49.0,28.0,71.5,1.3,290.0,0.0
1564,8,8,8,21.5,30.75,35.0,28.25,68.25,0.7,360.0,0.0
1565,8,8,9,19.0,24.75,25.5,29.25,62.0,1.1,260.0,0.0
1566,8,8,10,21.25,30.75,33.0,31.5,55.75,2.9,210.0,0.0
1567,8,8,11,23.25,33.0,38.0,30.5,61.75,2.7,260.0,0.0
1568,8,8,12,20.25,28.75,31.75,31.25,60.5,3.6,280.0,0.0
1569,8,8,13,19.5,29.25,34.5,31.5,58.0,5.0,300.0,0.0
1570,8,8,14,12.75,19.0,21.25,32.5,56.5,2.4,330.0,0.0
1571,8,8,15,8.0,11.75,12.25,29.75,61.75,6.3,340.0,0.0
1572,8,8,16,7.5,11.25,13.75,28.0,70.75,3.5,320.0,1.0
1573,8,8,17,4.25,8.25,11.75,28.0,71.5,3.5,340.0,0.0
1574,8,8,18,1.4,3.0,9.2,27.8,71.4,4.5,340.0,0.0
1575,8,8,19,2.0,3.0,5.75,28.0,71.25,3.8,320.0,0.0
1576,8,8,20,4.5,6.5,9.0,28.0,71.0,4.6,330.0,0.0
1577,8,8,21,4.0,6.25,9.75,28.0,71.75,6.3,340.0,0.0
1578,8,8,22,3.75,5.75,8.0,27.5,71.5,5.8,340.0,0.0
1579,8,8,23,1.5,2.75,4.0,27.0,71.0,6.2,340.0,0.0
1580,8,9,0,1.0,1.75,3.5,27.0,73.5,4.9,330.0,0.0
1581,8,9,1,2.0,3.75,9.5,27.0,77.0,5.7,340.0,0.0
1582,8,9,2,1.5,2.5,5.25,27.0,75.5,6.8,340.0,0.0
1583,8,9,3,1.0,2.5,6.0,27.0,76.0,8.2,330.0,0.0
1584,8,9,4,1.75,3.75,7.0,27.0,74.0,7.8,340.0,0.0
1585,8,9,5,1.0,2.0,7.5,27.0,73.75,6.0,340.0,0.0
1586,8,9,6,1.25,2.5,7.75,27.0,75.5,7.1,320.0,0.0
1587,8,9,7,1.0,2.0,5.0,27.5,71.5,6.9,320.0,0.0
1588,8,9,8,1.0,2.0,8.5,28.0,69.25,8.2,330.0,0.0
1589,8,9,9,1.0,1.75,3.5,28.75,66.5,6.7,310.0,0.0
1590,8,9,10,1.0,1.3333333333333333,5.666666666666667,29.666666666666668,61.666666666666664,6.3,300.0,0.0
1591,8,9,11,1.25,1.25,3.25,30.0,59.75,6.5,290.0,0.0
1592,8,9,12,4.0,5.5,6.0,30.75,56.75,4.3,280.0,0.0
1593,8,9,13,3.75,5.0,6.25,31.25,53.5,3.8,270.0,0.0
1594,8,9,14,12.75,16.25,18.75,29.5,63.25,4.0,250.0,0.0
1595,8,9,15,20.5,28.25,31.5,29.0,68.75,2.4,250.0,0.0
1596,8,9,16,23.75,35.5,42.25,29.0,69.5,1.4,230.0,0.0
1597,8,9,17,29.0,40.75,51.0,29.0,68.75,2.8,190.0,0.0
1598,8,9,18,31.5,45.5,57.25,28.0,75.25,2.6,180.0,0.05
1599,8,9,19,26.75,38.75,47.25,28.0,71.75,2.4,130.0,0.5
1600,8,9,20,24.0,33.75,39.75,28.0,70.0,3.1,150.0,0.0
1601,8,9,21,31.0,45.2,56.8,28.0,75.8,3.6,170.0,0.0
1602,8,9,22,33.0,50.0,65.0,28.0,79.25,5.5,190.0,0.0
1603,8,9,23,32.0,49.0,62.75,27.25,81.5,5.8,200.0,0.0
1604,8,10,0,27.0,41.0,54.0,27.0,82.5,5.5,200.0,0.0
1605,8,10,1,23.75,36.25,45.25,27.0,82.75,6.7,210.0,0.0
1606,8,10,2,21.5,34.25,45.5,27.0,82.0,6.2,210.0,0.0
1607,8,10,3,24.0,36.25,46.5,27.0,82.75,5.0,210.0,0.0
1608,8,10,4,22.5,33.75,43.25,27.0,82.5,6.0,200.0,0.0
1609,8,10,5,20.25,28.75,34.0,27.0,81.5,6.3,200.0,0.0
1610,8,10,6,21.0,31.25,40.5,27.0,79.75,6.1,200.0,0.0
1611,8,10,7,16.75,26.0,30.75,27.5,78.5,5.1,200.0,0.0
1612,8,10,8,17.5,26.25,33.0,28.0,77.0,4.9,200.0,0.0
1613,8,10,9,17.0,26.5,32.0,28.0,75.5,5.4,200.0,0.0
1614,8,10,10,17.75,24.75,28.5,28.25,74.25,5.2,200.0,0.0
1615,8,10,11,16.75,25.25,30.75,29.25,71.0,6.2,200.0,0.0
1616,8,10,12,16.25,23.0,26.75,30.0,67.5,5.9,190.0,0.0
1617,8,10,13,15.25,20.25,25.5,29.75,69.25,6.0,200.0,0.0
1618,8,10,14,13.5,18.75,24.5,28.5,72.75,6.0,190.0,0.0
1619,8,10,15,13.75,18.5,23.75,28.5,73.75,5.6,200.0,0.0
1620,8,10,16,9.5,13.25,19.5,28.25,73.5,4.3,180.0,0.0
1621,8,10,17,10.75,14.5,18.5,28.0,74.5,5.3,190.0,0.0
1622,8,10,18,11.75,15.75,22.75,27.5,76.5,4.9,200.0,0.0
1623,8,10,19,11.5,16.25,18.75,27.25,77.25,3.4,190.0,0.0
1624,8,10,20,14.75,19.5,23.75,27.75,77.0,3.7,170.0,0.0
1625,8,10,21,14.5,21.5,24.75,27.0,78.25,4.8,180.0,0.0
1626,8,10,22,13.25,19.0,21.5,27.0,78.25,4.6,180.0,0.0
1627,8,10,23,13.5,18.25,21.75,27.0,78.0,4.0,190.0,0.0
1628,8,11,0,14.75,20.75,24.5,27.25,77.75,4.2,200.0,0.0
1629,8,11,1,12.5,17.5,20.25,27.0,78.5,4.5,190.0,0.0
1630,8,11,2,11.25,17.25,23.25,27.0,79.25,4.6,210.0,0.0
1631,8,11,3,14.0,18.75,23.75,26.5,82.0,4.9,210.0,1.0
1632,8,11,4,15.0,21.0,26.5,27.0,80.75,3.9,210.0,0.0
1633,8,11,5,14.5,22.5,27.5,27.0,80.25,3.7,190.0,0.5
1634,8,11,6,14.25,20.0,24.25,27.0,80.5,3.6,200.0,0.05
1635,8,11,7,13.25,19.25,27.25,27.5,78.0,4.1,200.0,0.0
1636,8,11,8,12.75,18.75,23.75,28.0,75.5,4.6,200.0,0.0
1637,8,11,9,10.0,12.75,19.0,28.75,72.25,5.2,200.0,0.0
1638,8,11,10,11.0,14.75,16.75,29.0,69.75,6.1,200.0,0.0
1639,8,11,11,7.25,10.0,15.0,29.25,69.0,5.6,200.0,0.0
1640,8,11,12,8.0,11.5,14.75,30.25,66.0,5.3,200.0,0.0
1641,8,11,13,6.75,9.75,11.5,31.75,61.25,5.5,220.0,0.0
1642,8,11,14,6.75,10.25,14.25,32.5,57.5,5.0,200.0,0.0
1643,8,11,15,6.5,9.0,12.0,31.75,59.75,4.8,190.0,0.0
1644,8,11,16,7.0,10.25,14.25,31.0,62.75,4.3,190.0,0.0
1645,8,11,17,9.5,12.75,17.25,29.25,68.0,3.3,170.0,0.0
1646,8,11,18,10.5,15.0,19.0,28.5,71.75,3.6,170.0,0.0
1647,8,11,19,10.75,15.5,19.25,28.0,73.75,3.0,150.0,0.0
1648,8,11,20,10.5,15.0,22.25,27.75,74.75,4.0,180.0,0.0
1649,8,11,21,9.75,13.0,19.0,28.0,76.5,2.7,170.0,0.0
1650,8,11,22,7.5,9.75,11.5,28.0,76.0,3.6,190.0,0.0
1651,8,11,23,7.5,10.25,14.25,28.0,75.5,3.4,180.0,0.0
1652,8,12,0,6.0,8.75,11.25,27.75,76.5,3.6,200.0,0.0
1653,8,12,1,4.25,6.25,9.5,27.0,77.75,3.7,220.0,0.0
1654,8,12,2,5.75,7.5,12.75,27.0,78.25,3.5,220.0,0.0
1655,8,12,3,7.0,8.25,11.75,27.0,79.5,2.9,230.0,0.0
1656,8,12,4,6.75,10.0,11.5,27.0,79.75,3.2,240.0,0.0
1657,8,12,5,5.5,7.75,14.0,27.0,80.0,3.6,230.0,0.0
1658,8,12,6,4.25,6.5,12.0,27.0,78.75,1.5,210.0,0.0
1659,8,12,7,5.5,7.75,12.25,28.0,74.5,1.4,200.0,0.0
1660,8,12,8,3.75,6.0,7.5,28.5,71.25,2.2,220.0,0.0
1661,8,12,10,6.0,7.25,9.0,31.0,60.0,2.0,220.0,0.0
1662,8,12,11,5.75,8.0,9.75,30.5,60.25,2.6,210.0,0.0
1663,8,12,12,6.5,8.5,11.0,32.0,55.5,3.0,190.0,0.0
1664,8,12,13,5.25,6.0,8.25,33.25,50.25,2.6,220.0,0.0
1665,8,12,14,5.5,7.5,9.5,30.5,59.5,1.8,180.0,0.0
1666,8,12,15,5.75,7.0,8.5,30.0,60.5,0.6,150.0,0.0
1667,8,12,16,7.0,8.75,10.5,30.0,61.25,2.2,160.0,0.0
1668,8,12,17,8.75,10.75,11.5,29.5,64.75,2.0,140.0,0.0
1669,8,12,18,13.5,17.0,18.5,29.0,66.0,2.0,130.0,0.0
1670,8,12,19,9.75,14.0,15.5,26.25,81.25,2.9,140.0,16.5
1671,8,12,20,19.75,25.5,28.0,24.5,95.25,1.8,130.0,1.0
1672,8,12,21,15.75,21.25,23.5,25.5,91.5,1.8,100.0,0.5
1673,8,12,22,13.75,18.75,20.75,25.75,91.75,3.4,90.0,0.0
1674,8,12,23,13.75,20.75,23.5,26.0,91.5,2.5,120.0,13.0
1675,8,13,0,8.25,10.25,11.25,25.0,94.0,0.7,40.0,7.5
1676,8,13,1,8.5,12.0,12.75,25.0,92.5,3.0,80.0,3.5
1677,8,13,2,11.5,15.0,16.25,25.0,92.75,2.7,40.0,23.5
1678,8,13,3,3.25,4.25,4.25,24.25,97.25,3.3,60.0,52.0
1679,8,13,4,2.3333333333333335,3.0,4.0,23.333333333333332,99.0,4.5,90.0,57.0
1680,8,13,5,1.25,2.0,3.0,23.0,100.0,3.8,110.0,28.5
1681,8,13,6,1.25,2.0,2.25,23.0,100.0,2.3,100.0,6.0
1682,8,13,7,2.75,4.5,5.0,23.0,100.0,4.3,100.0,4.5
1683,8,13,8,3.5,5.25,6.5,23.75,100.0,2.5,90.0,6.0
1684,8,13,9,3.5,4.5,4.75,24.75,99.75,3.5,40.0,3.0
1685,8,13,10,2.5,4.0,4.5,24.0,97.75,1.4,80.0,15.5
1686,8,13,11,2.75,4.0,5.0,23.25,98.0,2.3,90.0,10.5
1687,8,13,12,8.75,11.25,13.0,23.75,98.25,1.0,20.0,1.5
1688,8,13,13,13.5,16.75,18.75,24.25,97.25,1.4,90.0,2.5
1689,8,13,14,11.75,16.0,16.5,25.5,94.75,1.8,140.0,0.0
1690,8,13,15,17.25,20.0,20.25,26.5,92.0,2.0,170.0,0.0
1691,8,13,16,18.0,22.75,24.0,27.75,87.0,1.0,210.0,0.0
1692,8,13,17,14.25,19.0,19.75,27.0,87.25,2.9,220.0,0.0
1693,8,13,18,13.5,19.0,20.25,26.0,90.5,1.1,120.0,0.0
1694,8,13,19,14.0,19.0,22.0,26.0,91.25,1.3,110.0,0.0
1695,8,13,20,13.75,19.25,20.75,26.0,91.25,2.0,110.0,0.0
1696,8,13,21,15.75,21.0,22.75,26.0,88.75,2.3,110.0,0.0
1697,8,13,22,15.5,21.75,24.25,26.0,86.25,1.6,90.0,0.0
1698,8,13,23,14.75,20.5,24.0,26.0,84.75,1.7,80.0,0.0
1699,8,14,0,10.25,14.0,14.75,26.0,83.5,2.2,110.0,0.0
1700,8,14,1,9.25,14.0,16.0,26.0,82.5,2.2,120.0,0.0
1701,8,14,2,9.0,13.0,14.25,25.5,83.5,2.6,220.0,0.5
1702,8,14,3,3.25,4.5,7.5,25.0,84.0,1.6,90.0,3.0
1703,8,14,4,4.25,6.0,10.25,25.25,83.25,2.1,100.0,0.5
1704,8,14,5,4.0,6.75,8.5,25.0,82.5,1.9,60.0,0.0
1705,8,14,6,8.5,12.0,12.5,25.5,82.0,1.6,80.0,0.5
1706,8,14,7,8.75,11.75,12.5,26.25,79.5,2.9,100.0,0.0
1707,8,14,8,8.5,11.0,12.5,27.75,73.25,2.7,120.0,0.0
1708,8,14,9,7.25,9.75,10.75,28.0,70.0,2.9,110.0,0.0
1709,8,14,10,8.0,9.5,10.25,29.5,65.25,3.5,160.0,0.0
1710,8,14,11,8.25,10.25,11.75,29.5,65.75,2.3,170.0,0.5
1711,8,14,12,8.5,11.0,12.25,29.0,68.0,2.5,180.0,0.0
1712,8,14,13,7.0,9.5,10.75,31.5,58.25,5.2,190.0,0.5
1713,8,14,14,7.25,10.0,11.75,28.75,71.25,1.3,160.0,4.5
1714,8,14,15,5.5,6.75,7.75,35.0,50.75,3.8,170.0,0.0
1715,8,14,16,5.75,7.5,9.75,33.0,54.25,4.8,170.0,0.0
1716,8,14,17,5.75,8.0,10.25,30.0,64.25,3.6,160.0,0.0
1717,8,14,18,3.75,6.25,8.75,28.5,70.25,3.6,170.0,0.0
1718,8,14,19,3.0,4.4,5.0,27.6,74.0,2.3,160.0,0.0
1719,8,14,20,7.0,8.5,11.25,27.0,76.5,2.4,150.0,0.0
1720,8,14,21,6.75,9.0,11.25,27.0,77.75,3.4,170.0,0.05
1721,8,14,22,6.25,9.0,13.5,26.25,79.5,1.2,130.0,7.5
1722,8,14,23,8.0,10.75,12.25,25.0,91.0,1.4,160.0,1.5
1723,8,15,0,7.0,9.25,9.25,25.5,89.0,0.6,110.0,0.0
1724,8,15,1,8.5,11.75,14.25,26.0,86.0,2.7,180.0,0.05
1725,8,15,2,6.75,10.0,13.5,26.75,83.25,2.9,190.0,0.05
1726,8,15,3,5.5,8.0,11.75,26.5,82.0,3.7,210.0,0.0
1727,8,15,4,9.25,14.75,18.75,26.0,84.75,4.0,230.0,1.0
1728,8,15,5,11.5,16.5,20.25,26.0,84.0,4.2,200.0,0.0
1729,8,15,6,13.5,18.75,23.25,26.25,82.25,3.5,210.0,0.0
1730,8,15,7,14.75,20.5,26.25,27.0,81.75,4.6,210.0,0.0
1731,8,15,8,13.0,20.0,25.25,27.0,80.25,6.5,200.0,0.0
1732,8,15,9,13.25,18.0,24.25,27.75,78.0,5.1,210.0,0.0
1733,8,15,10,11.5,14.5,18.25,28.0,73.75,4.8,230.0,0.0
1734,8,15,11,12.0,18.25,20.5,28.75,71.75,4.6,210.0,0.0
1735,8,15,12,11.5,14.75,19.75,30.0,67.75,4.3,200.0,0.0
1736,8,15,13,8.75,12.25,15.0,29.75,68.75,4.0,220.0,0.0
1737,8,15,14,8.75,13.0,17.0,30.0,67.0,2.9,190.0,0.0
1738,8,15,15,7.0,10.75,15.0,30.0,65.5,5.2,180.0,0.0
1739,8,15,16,4.75,7.5,12.0,29.75,68.25,4.7,190.0,0.0
1740,8,15,17,4.75,6.0,8.75,29.0,70.75,5.9,200.0,0.0
1741,8,15,18,4.75,6.25,11.25,27.5,76.75,4.1,180.0,0.0
1742,8,15,19,3.0,4.5,8.5,27.0,77.0,4.2,170.0,0.0
1743,8,15,20,3.0,4.0,6.5,27.0,77.5,4.7,200.0,0.0
1744,8,15,21,3.5,5.25,6.75,27.0,78.75,5.3,200.0,0.0
1745,8,15,22,6.25,9.25,14.25,27.0,79.5,2.7,200.0,0.0
1746,8,15,23,8.25,12.0,19.75,26.25,84.25,5.2,200.0,2.5
1747,8,16,0,6.25,10.75,18.75,26.5,81.75,4.6,190.0,0.0
1748,8,16,1,7.75,11.5,17.75,27.0,80.0,4.5,200.0,0.0
1749,8,16,2,9.75,13.5,19.75,26.75,81.0,3.0,210.0,1.5
1750,8,16,3,11.25,16.5,20.0,26.0,83.25,4.0,200.0,0.0
1751,8,16,4,10.0,14.25,19.75,26.0,82.5,3.2,200.0,0.0
1752,8,16,5,10.75,15.25,22.25,26.0,81.25,2.8,200.0,0.05
1753,8,16,6,12.75,17.75,21.25,26.0,81.25,1.8,210.0,1.0
1754,8,16,7,10.5,14.5,19.5,26.75,77.5,2.7,210.0,0.0
1755,8,16,8,11.5,14.75,17.75,26.75,80.0,7.2,280.0,11.5
1756,8,16,9,4.75,6.5,8.25,25.5,79.25,2.3,260.0,1.5
1757,8,16,10,6.75,9.75,13.25,26.25,76.5,3.2,270.0,0.0
1758,8,16,11,4.25,6.0,8.0,27.0,72.5,1.1,230.0,0.0
1759,8,16,12,5.0,7.25,10.5,27.75,71.5,1.5,260.0,3.0
1760,8,16,13,7.5,10.0,10.5,27.0,75.25,2.0,70.0,0.5
1761,8,16,14,7.5,10.25,11.25,27.5,73.75,1.9,70.0,0.0
1762,8,16,15,7.5,10.0,11.75,27.5,72.75,2.3,150.0,2.5
1763,8,16,16,7.5,9.75,11.75,27.0,74.0,1.4,110.0,0.0
1764,8,16,17,9.75,12.5,13.5,27.0,74.0,3.0,100.0,0.0
1765,8,16,18,9.5,13.75,14.75,26.25,76.5,2.0,150.0,6.5
1766,8,16,19,11.25,17.5,18.5,26.0,79.0,2.3,130.0,0.0
1767,8,16,20,11.75,16.25,17.75,26.0,78.75,1.7,110.0,0.0
1768,8,16,21,11.75,17.0,19.0,26.0,78.75,2.6,100.0,0.0
1769,8,16,22,12.0,16.0,16.75,26.0,78.5,1.6,110.0,0.0
1770,8,16,23,10.0,13.75,15.0,26.0,78.0,2.5,110.0,0.0
1771,8,17,0,6.75,8.75,9.25,26.0,77.75,3.2,130.0,0.0
1772,8,17,1,7.5,12.0,15.0,26.0,77.5,2.7,120.0,0.0
1773,8,17,2,8.25,11.0,14.0,26.0,77.0,3.7,100.0,0.0
1774,8,17,3,7.0,9.25,10.5,25.5,77.0,3.4,100.0,0.0
1775,8,17,4,7.25,9.75,10.75,25.75,77.5,3.2,140.0,4.0
1776,8,17,5,7.0,10.0,10.75,25.0,80.0,2.8,90.0,0.05
1777,8,17,6,10.5,13.25,15.75,25.0,80.25,3.0,90.0,1.0
1778,8,17,7,6.75,9.5,10.25,25.75,78.75,2.9,110.0,0.0
1779,8,17,8,6.5,8.0,8.75,27.0,73.5,2.4,110.0,1.5
1780,8,17,9,5.0,5.75,6.5,25.75,78.75,2.9,130.0,15.0
1781,8,17,10,4.0,5.75,7.0,25.0,83.75,1.8,100.0,0.5
1782,8,17,11,3.5,4.0,5.25,27.5,74.0,1.8,100.0,0.0
1783,8,17,12,4.0,4.75,5.25,28.75,67.75,3.5,100.0,0.0
1784,8,17,13,3.0,4.0,4.5,29.0,65.0,2.9,100.0,0.05
1785,8,17,14,5.666666666666667,7.333333333333333,9.666666666666666,26.0,75.66666666666667,2.6,100.0,0.5
1786,8,17,15,6.25,8.25,9.25,28.75,69.0,3.3,120.0,0.0
1787,8,17,16,5.75,8.0,9.0,29.25,66.0,2.4,110.0,0.0
1788,8,17,17,8.25,11.75,13.5,28.25,68.0,2.0,100.0,4.0
1789,8,17,18,9.0,13.25,15.75,27.0,74.75,2.4,70.0,9.0
1790,8,17,19,2.5,4.25,4.5,26.75,74.5,0.7,60.0,3.5
1791,8,17,20,2.5,3.75,4.75,26.0,75.25,1.8,80.0,3.0
1792,8,17,21,4.5,6.0,6.5,26.25,76.5,3.8,100.0,1.0
1793,8,17,22,1.25,2.75,3.25,26.0,76.25,1.8,120.0,0.5
1794,8,17,23,1.0,2.0,2.0,26.0,76.0,0.5,130.0,6.5
1795,8,18,0,2.25,2.75,3.25,26.0,78.25,3.0,110.0,10.5
1796,8,18,1,2.75,3.75,5.0,26.0,77.25,2.4,120.0,0.05
1797,8,18,2,5.75,8.25,9.25,26.0,77.75,2.9,150.0,4.5
1798,8,18,3,4.0,6.25,6.75,25.25,81.25,2.5,90.0,21.0
1799,8,18,4,3.5,5.75,6.0,25.0,82.5,2.2,50.0,6.5
1800,8,18,5,2.25,3.75,4.75,25.0,81.25,1.5,90.0,0.05
1801,8,18,6,1.5,3.25,5.0,25.75,81.25,1.9,20.0,3.0
1802,8,18,7,3.0,4.75,5.5,25.5,81.25,1.7,30.0,5.0
1803,8,18,8,4.25,6.5,7.5,26.0,80.25,2.0,150.0,5.5
1804,8,18,9,4.0,6.0,7.0,25.75,81.75,2.9,80.0,6.5
1805,8,18,10,2.0,3.5,4.5,26.0,80.75,3.9,140.0,0.5
1806,8,18,11,4.25,7.0,7.0,26.0,79.5,2.5,130.0,3.0
1807,8,18,12,3.0,4.25,5.5,25.25,80.0,2.9,90.0,13.5
1808,8,18,13,2.0,3.5,4.5,25.5,79.75,3.9,100.0,0.5
1809,8,18,14,1.5,3.25,4.0,26.75,75.75,2.4,120.0,0.0
1810,8,18,15,3.5,4.75,5.75,26.25,77.25,2.8,160.0,5.0
1811,8,18,16,2.75,4.75,7.0,25.0,82.75,1.9,150.0,7.5
1812,8,18,17,1.0,1.75,3.5,24.75,83.0,2.2,130.0,4.5
1813,8,18,18,3.0,5.25,7.0,25.0,82.0,2.8,110.0,1.0
1814,8,18,19,3.0,5.0,5.0,25.0,81.5,2.4,110.0,0.05
1815,8,18,20,7.0,9.75,11.25,25.0,81.0,2.2,120.0,0.0
1816,8,18,21,4.0,6.0,6.25,25.0,81.0,1.5,90.0,5.0
1817,8,18,22,1.75,4.25,4.75,25.0,80.25,1.5,90.0,0.05
1818,8,18,23,2.75,4.25,5.25,25.0,80.0,3.0,80.0,0.0
1819,8,19,0,2.0,4.0,4.5,25.0,79.75,2.1,80.0,0.0
1820,8,19,1,1.75,3.25,3.75,25.0,79.0,2.0,80.0,0.0
1821,8,19,2,1.25,2.5,2.75,25.0,79.0,2.0,100.0,0.0
1822,8,19,3,1.25,2.25,2.5,25.0,78.75,1.9,110.0,0.0
1823,8,19,4,1.0,1.75,2.5,25.0,78.5,1.8,100.0,0.05
1824,8,19,5,2.5,4.25,4.5,25.0,78.25,1.5,120.0,0.0
1825,8,19,6,4.0,7.0,7.5,25.0,78.5,3.7,200.0,0.5
1826,8,19,7,1.0,2.75,5.25,24.25,83.0,0.3,150.0,14.5
1827,8,19,8,1.0,3.0,3.0,24.0,84.0,2.7,100.0,6.5
1828,8,19,9,5.25,8.5,9.25,25.0,83.0,3.3,100.0,0.05
1829,8,19,10,3.0,5.5,7.0,25.0,81.25,2.9,120.0,1.0
1830,8,19,11,3.25,4.75,4.75,25.5,79.0,2.4,140.0,0.0
1831,8,19,12,3.25,5.0,6.5,26.0,76.5,2.9,130.0,0.0
1832,8,19,13,2.75,5.0,6.75,26.0,75.25,3.9,140.0,0.0
1833,8,19,14,5.5,8.0,8.75,26.0,74.5,2.9,100.0,0.0
1834,8,19,15,5.5,7.75,8.25,26.5,73.5,2.3,130.0,0.0
1835,8,19,16,6.75,10.75,11.5,26.0,73.25,2.8,120.0,0.0
1836,8,19,17,5.0,8.75,10.0,26.0,73.25,2.3,110.0,0.0
1837,8,19,18,3.75,7.0,7.0,26.0,73.0,2.2,130.0,0.0
1838,8,19,19,5.0,9.75,10.75,26.0,74.25,2.2,130.0,0.0
1839,8,19,20,7.0,11.5,13.25,26.0,76.5,1.6,100.0,0.0
1840,8,19,21,5.5,8.75,10.75,26.0,76.75,2.6,110.0,0.0
1841,8,19,22,4.75,7.5,9.25,25.0,77.0,2.7,110.0,0.0
1842,8,19,23,4.5,7.0,8.0,25.0,78.0,2.0,100.0,0.0
1843,8,20,0,6.0,9.5,9.5,25.0,78.0,2.1,100.0,0.0
1844,8,20,1,8.0,14.25,16.0,25.0,78.0,1.5,110.0,0.0
1845,8,20,2,8.0,14.5,15.75,25.0,78.75,0.1,0.0,0.5
1846,8,20,3,6.75,11.5,13.0,25.0,79.0,0.7,100.0,0.5
1847,8,20,4,5.25,8.0,8.75,25.0,78.25,0.8,50.0,0.0
1848,8,20,5,9.5,15.25,16.0,25.0,79.0,0.3,50.0,0.0
1849,8,20,6,6.25,9.75,11.75,25.0,78.5,0.0,0.0,0.05
1850,8,20,7,6.75,10.25,13.5,25.75,78.75,0.2,0.0,0.0
1851,8,20,8,5.5,7.5,9.25,26.75,75.0,0.1,0.0,0.0
1852,8,20,9,8.0,10.75,12.0,27.0,72.0,1.4,270.0,0.0
1853,8,20,10,6.75,10.25,11.0,27.25,68.0,0.9,220.0,0.0
1854,8,20,11,13.5,19.5,20.75,28.0,66.0,3.2,180.0,0.0
1855,8,20,12,13.0,19.5,22.75,28.0,66.5,3.4,140.0,0.0
1856,8,20,13,6.75,11.0,12.75,28.0,67.25,3.7,160.0,0.0
1857,8,20,14,11.75,18.5,20.0,28.0,68.0,4.0,160.0,0.0
1858,8,20,15,10.25,15.0,16.0,27.5,68.25,2.7,160.0,0.0
1859,8,20,16,8.0,12.25,12.5,27.25,67.0,3.9,100.0,0.0
1860,8,20,17,6.75,10.25,10.25,27.0,69.0,1.4,50.0,0.0
1861,8,20,18,4.5,6.5,6.5,27.0,71.5,1.9,70.0,0.0
1862,8,20,19,3.25,4.75,5.0,26.25,72.75,2.5,90.0,0.0
1863,8,20,20,2.25,3.5,4.25,26.0,74.0,1.7,100.0,0.0
1864,8,20,21,2.5,4.25,4.25,25.0,77.5,2.9,100.0,0.0
1865,8,20,22,2.75,5.25,5.5,25.0,76.5,2.0,120.0,0.0
1866,8,20,23,3.25,6.5,7.5,25.0,76.0,1.8,140.0,0.0
1867,8,21,0,3.5,6.75,8.25,25.0,76.0,1.7,110.0,0.0
1868,8,21,1,3.0,5.0,5.75,25.5,76.0,2.6,100.0,0.0
1869,8,21,2,4.0,7.25,8.25,25.0,76.75,3.2,110.0,0.0
1870,8,21,3,2.25,3.75,4.25,25.0,77.0,3.7,100.0,0.0
1871,8,21,4,1.5,2.25,3.0,25.0,77.25,3.0,100.0,0.05
1872,8,21,5,1.0,1.5,1.75,25.0,78.25,2.6,80.0,1.0
1873,8,21,6,1.5,2.75,3.25,25.0,78.5,1.6,90.0,0.05
1874,8,21,7,1.5,2.5,2.5,26.0,76.0,2.1,110.0,0.0
1875,8,21,8,1.25,2.5,3.25,26.25,73.5,1.7,130.0,0.0
1876,8,21,9,2.75,4.25,5.5,27.0,72.0,2.2,110.0,0.0
1877,8,21,10,3.75,6.5,6.75,27.25,71.25,2.7,110.0,0.0
1878,8,21,11,7.0,9.75,10.75,28.0,70.5,2.5,120.0,0.0
1879,8,21,12,5.5,9.25,9.25,29.75,65.25,2.1,120.0,0.0
1880,8,21,13,13.75,17.0,18.0,32.5,55.75,1.8,210.0,0.0
1881,8,21,14,17.0,22.75,25.0,31.5,57.5,0.4,140.0,0.0
1882,8,21,15,6.0,8.5,9.5,34.0,50.75,3.0,170.0,0.5
1883,8,21,16,3.5,6.5,7.75,30.25,61.0,1.4,170.0,0.05
1884,8,21,17,5.25,7.75,8.25,29.25,65.0,1.9,150.0,0.0
1885,8,21,18,4.5,7.5,9.5,28.25,68.75,1.1,150.0,0.0
1886,8,21,19,8.0,11.75,13.0,27.0,73.0,1.9,130.0,0.0
1887,8,21,20,7.5,11.5,15.25,27.0,74.0,1.9,130.0,0.0
1888,8,21,21,7.5,12.0,13.5,26.75,76.5,1.7,140.0,0.05
1889,8,21,22,3.25,6.5,7.75,26.25,78.25,2.3,150.0,0.0
1890,8,21,23,3.3333333333333335,5.333333333333333,7.0,26.333333333333332,79.0,1.2,140.0,0.0
