,month,day,hour,ws
0,6,1,0,1.1
1,6,1,1,1.7
2,6,1,2,2.1
3,6,1,3,2.3
4,6,1,4,1.4
5,6,1,5,2.4
6,6,1,6,1.5
7,6,1,7,0.3
8,6,1,8,2.3
9,6,1,9,2.3
10,6,1,10,2.3
11,6,1,11,3.1
12,6,1,12,3.7
13,6,1,13,4.3
14,6,1,14,4.7
15,6,1,15,5.0
16,6,1,16,5.2
17,6,1,17,3.9
18,6,1,18,2.9
19,6,1,19,2.6
20,6,1,20,2.5
21,6,1,21,2.3
22,6,1,22,2.3
23,6,1,23,1.7
24,6,2,0,2.3
25,6,2,1,2.0
26,6,2,2,1.6
27,6,2,3,1.6
28,6,2,4,1.3
29,6,2,5,1.1
30,6,2,6,2.5
31,6,2,7,2.2
32,6,2,8,2.3
33,6,2,9,1.3
34,6,2,10,2.2
35,6,2,11,3.0
36,6,2,12,3.3
37,6,2,13,3.2
38,6,2,14,3.1
39,6,2,15,3.1
40,6,2,16,3.0
41,6,2,17,2.2
42,6,2,18,2.0
43,6,2,19,2.5
44,6,2,20,1.9
45,6,2,21,1.6
46,6,2,22,1.8
47,6,2,23,1.1
48,6,3,0,2.0
49,6,3,1,1.4
50,6,3,2,2.1
51,6,3,3,1.8
52,6,3,4,1.2
53,6,3,5,0.7
54,6,3,6,1.6
55,6,3,7,2.6
56,6,3,8,2.7
57,6,3,9,3.7
58,6,3,10,3.2
59,6,3,11,2.4
60,6,3,12,3.0
61,6,3,13,1.5
62,6,3,14,2.9
63,6,3,15,2.7
64,6,3,16,1.5
65,6,3,17,1.3
66,6,3,18,1.0
67,6,3,19,1.1
68,6,3,20,2.0
69,6,3,21,2.0
70,6,3,22,1.5
71,6,3,23,2.1
72,6,4,0,1.3
73,6,4,1,2.4
74,6,4,2,1.3
75,6,4,3,1.9
76,6,4,4,1.8
77,6,4,5,2.0
78,6,4,6,1.8
79,6,4,7,1.2
80,6,4,8,1.8
81,6,4,9,1.3
82,6,4,10,0.9
83,6,4,11,1.7
84,6,4,12,2.2
85,6,4,13,0.9
86,6,4,14,3.3
87,6,4,15,2.0
88,6,4,16,1.5
89,6,4,17,2.4
90,6,4,18,1.6
91,6,4,19,0.1
92,6,4,20,1.3
93,6,4,21,1.0
94,6,4,22,0.8
95,6,4,23,0.8
96,6,5,0,1.1
97,6,5,1,1.4
98,6,5,2,0.1
99,6,5,3,0.1
100,6,5,4,0.9
101,6,5,5,1.1
102,6,5,6,1.9
103,6,5,7,2.2
104,6,5,8,2.0
105,6,5,9,1.9
106,6,5,10,2.7
107,6,5,11,2.1
108,6,5,12,3.1
109,6,5,13,2.5
110,6,5,14,2.6
111,6,5,15,2.2
112,6,5,16,2.5
113,6,5,17,1.8
114,6,5,18,1.9
115,6,5,19,0.1
116,6,5,20,0.8
117,6,5,21,2.2
118,6,5,22,0.4
119,6,5,23,1.8
120,6,6,0,1.7
121,6,6,1,1.8
122,6,6,2,2.9
123,6,6,3,2.0
124,6,6,4,1.3
125,6,6,5,1.7
126,6,6,6,2.9
127,6,6,7,3.1
128,6,6,8,3.8
129,6,6,9,5.6
130,6,6,10,4.7
131,6,6,11,5.2
132,6,6,12,5.8
133,6,6,13,5.7
134,6,6,14,5.8
135,6,6,15,5.6
136,6,6,16,4.2
137,6,6,17,3.4
138,6,6,18,2.8
139,6,6,19,2.7
140,6,6,20,3.1
141,6,6,21,3.0
142,6,6,22,2.9
143,6,6,23,2.3
144,6,7,0,2.3
145,6,7,1,2.5
146,6,7,2,2.3
147,6,7,3,2.9
148,6,7,4,3.7
149,6,7,5,2.4
150,6,7,6,3.2
151,6,7,7,3.0
152,6,7,8,3.3
153,6,7,9,3.9
154,6,7,10,4.1
155,6,7,11,4.7
156,6,7,12,4.1
157,6,7,13,4.7
158,6,7,14,3.9
159,6,7,15,4.3
160,6,7,16,2.4
161,6,7,17,2.4
162,6,7,18,1.3
163,6,7,19,2.5
164,6,7,20,1.1
165,6,7,21,0.1
166,6,7,22,1.0
167,6,7,23,1.0
168,6,8,0,1.5
169,6,8,1,1.5
170,6,8,2,1.2
171,6,8,3,2.1
172,6,8,4,1.0
173,6,8,5,1.1
174,6,8,6,1.8
175,6,8,7,2.0
176,6,8,8,2.4
177,6,8,9,1.8
178,6,8,10,2.2
179,6,8,11,2.7
180,6,8,12,3.2
181,6,8,13,4.2
182,6,8,14,3.9
183,6,8,15,2.3
184,6,8,16,1.2
185,6,8,17,2.8
186,6,8,18,2.6
187,6,8,19,1.6
188,6,8,20,1.9
189,6,8,21,1.9
190,6,8,22,2.2
191,6,8,23,2.5
192,6,9,0,2.5
193,6,9,1,1.7
194,6,9,2,2.5
195,6,9,3,1.6
196,6,9,4,2.4
197,6,9,5,2.9
198,6,9,6,1.8
199,6,9,7,3.2
200,6,9,8,0.2
201,6,9,9,1.4
202,6,9,10,2.6
203,6,9,11,4.5
204,6,9,12,1.6
205,6,9,13,2.7
206,6,9,14,3.6
207,6,9,15,1.8
208,6,9,16,1.9
209,6,9,17,0.9
210,6,9,18,1.4
211,6,9,19,1.0
212,6,9,20,1.9
213,6,9,21,2.3
214,6,9,22,2.7
215,6,9,23,1.7
216,6,10,0,2.1
217,6,10,1,1.3
218,6,10,2,1.8
219,6,10,3,1.3
220,6,10,4,1.1
221,6,10,5,2.0
222,6,10,6,1.9
223,6,10,7,1.9
224,6,10,8,2.5
225,6,10,9,3.0
226,6,10,10,3.8
227,6,10,11,3.4
228,6,10,12,2.2
229,6,10,13,2.3
230,6,10,14,4.3
231,6,10,15,1.6
232,6,10,16,3.0
233,6,10,17,2.6
234,6,10,18,3.0
235,6,10,19,3.3
236,6,10,20,2.9
237,6,10,21,2.9
238,6,10,22,3.6
239,6,10,23,2.7
240,6,11,0,3.0
241,6,11,1,3.8
242,6,11,2,2.2
243,6,11,3,3.3
244,6,11,4,3.5
245,6,11,5,3.0
246,6,11,6,3.8
247,6,11,7,4.1
248,6,11,8,3.8
249,6,11,9,2.0
250,6,11,10,3.9
251,6,11,11,2.5
252,6,11,12,1.9
253,6,11,13,1.7
254,6,11,14,2.2
255,6,11,15,1.4
256,6,11,16,2.2
257,6,11,17,2.5
258,6,11,18,2.6
259,6,11,19,1.3
260,6,11,20,0.1
261,6,11,21,1.6
262,6,11,22,1.6
263,6,11,23,2.8
264,6,12,0,2.0
265,6,12,1,1.1
266,6,12,2,2.9
267,6,12,3,0.5
268,6,12,4,1.9
269,6,12,5,3.9
270,6,12,6,3.7
271,6,12,7,2.5
272,6,12,8,3.2
273,6,12,9,3.3
274,6,12,10,4.1
275,6,12,11,3.3
276,6,12,12,2.8
277,6,12,13,2.7
278,6,12,14,2.8
279,6,12,15,2.3
280,6,12,16,1.6
281,6,12,17,2.4
282,6,12,18,1.3
283,6,12,19,1.1
284,6,12,20,1.1
285,6,12,21,1.7
286,6,12,22,0.9
287,6,12,23,0.2
288,6,13,0,1.1
289,6,13,1,1.0
290,6,13,2,1.4
291,6,13,3,1.8
292,6,13,4,1.7
293,6,13,5,2.8
294,6,13,6,1.6
295,6,13,7,1.4
296,6,13,8,1.3
297,6,13,9,1.5
298,6,13,10,2.2
299,6,13,11,4.0
300,6,13,12,4.8
301,6,13,13,4.7
302,6,13,14,3.2
303,6,13,15,4.0
304,6,13,16,3.3
305,6,13,17,2.9
306,6,13,18,2.5
307,6,13,19,1.5
308,6,13,20,3.0
309,6,13,21,1.0
310,6,13,22,2.9
311,6,13,23,2.0
312,6,14,0,3.8
313,6,14,1,1.8
314,6,14,2,1.4
315,6,14,3,2.9
316,6,14,4,1.0
317,6,14,5,2.7
318,6,14,6,2.0
319,6,14,7,2.0
320,6,14,8,1.8
321,6,14,9,1.0
322,6,14,10,3.4
323,6,14,11,1.7
324,6,14,12,2.5
325,6,14,13,2.4
326,6,14,14,1.8
327,6,14,15,1.4
328,6,14,16,3.0
329,6,14,17,3.7
330,6,14,18,3.8
331,6,14,19,3.6
332,6,14,20,2.2
333,6,14,21,1.8
334,6,14,22,1.3
335,6,14,23,0.3
336,6,15,0,2.0
337,6,15,1,2.2
338,6,15,2,2.6
339,6,15,3,2.0
340,6,15,4,2.0
341,6,15,5,1.5
342,6,15,6,2.2
343,6,15,7,2.0
344,6,15,8,2.2
345,6,15,9,2.8
346,6,15,10,1.6
347,6,15,11,2.2
348,6,15,12,3.2
349,6,15,13,4.1
350,6,15,14,4.2
351,6,15,15,2.4
352,6,15,16,1.9
353,6,15,17,1.5
354,6,15,18,1.8
355,6,15,19,1.7
356,6,15,20,0.6
357,6,15,21,1.4
358,6,15,22,1.6
359,6,15,23,0.8
360,6,16,0,0.0
361,6,16,1,0.5
362,6,16,2,0.4
363,6,16,3,0.1
364,6,16,4,0.3
365,6,16,5,0.1
366,6,16,6,2.0
367,6,16,7,0.8
368,6,16,8,1.9
369,6,16,9,1.1
370,6,16,10,1.6
371,6,16,11,3.3
372,6,16,12,3.2
373,6,16,13,2.6
374,6,16,14,3.2
375,6,16,15,3.2
376,6,16,16,3.4
377,6,16,17,1.7
378,6,16,18,1.1
379,6,16,19,2.4
380,6,16,20,1.3
381,6,16,21,1.6
382,6,16,22,0.7
383,6,16,23,1.6
384,6,17,0,1.0
385,6,17,1,0.5
386,6,17,2,1.3
387,6,17,3,1.3
388,6,17,4,1.4
389,6,17,5,0.6
390,6,17,6,1.5
391,6,17,7,3.5
392,6,17,8,3.7
393,6,17,9,2.9
394,6,17,10,4.5
395,6,17,11,3.9
396,6,17,12,5.8
397,6,17,13,5.7
398,6,17,14,4.1
399,6,17,15,4.3
400,6,17,16,3.4
401,6,17,17,3.4
402,6,17,18,2.4
403,6,17,19,2.2
404,6,17,20,2.3
405,6,17,21,1.4
406,6,17,22,1.1
407,6,17,23,2.0
408,6,18,0,1.9
409,6,18,1,2.3
410,6,18,2,2.0
411,6,18,3,1.8
412,6,18,4,2.0
413,6,18,5,1.8
414,6,18,6,2.1
415,6,18,7,2.2
416,6,18,8,3.5
417,6,18,9,3.0
418,6,18,10,3.9
419,6,18,11,3.2
420,6,18,12,3.4
421,6,18,13,3.5
422,6,18,14,3.8
423,6,18,15,3.4
424,6,18,16,3.0
425,6,18,17,2.6
426,6,18,18,2.7
427,6,18,19,2.2
428,6,18,20,2.2
429,6,18,21,1.5
430,6,18,22,2.9
431,6,18,23,2.5
432,6,19,0,2.0
433,6,19,1,2.4
434,6,19,2,2.1
435,6,19,3,1.6
436,6,19,4,2.0
437,6,19,5,2.0
438,6,19,6,1.1
439,6,19,7,1.4
440,6,19,8,2.4
441,6,19,9,3.2
442,6,19,10,4.1
443,6,19,11,3.7
444,6,19,12,3.8
445,6,19,13,2.3
446,6,19,14,2.9
447,6,19,15,2.8
448,6,19,16,2.8
449,6,19,17,2.6
450,6,19,18,1.7
451,6,19,19,1.4
452,6,19,20,2.0
453,6,19,21,1.4
454,6,19,22,2.0
455,6,19,23,0.3
456,6,20,0,1.3
457,6,20,1,0.0
458,6,20,2,0.9
459,6,20,3,1.1
460,6,20,4,0.6
461,6,20,5,0.5
462,6,20,6,0.2
463,6,20,7,1.6
464,6,20,8,1.3
465,6,20,9,2.1
466,6,20,10,2.9
467,6,20,11,3.3
468,6,20,12,3.2
469,6,20,13,3.4
470,6,20,14,2.7
471,6,20,15,4.3
472,6,20,16,3.4
473,6,20,17,2.4
474,6,20,18,2.4
475,6,20,19,1.8
476,6,20,20,1.8
477,6,20,21,1.3
478,6,20,22,1.2
479,6,20,23,1.4
480,6,21,0,2.2
481,6,21,1,1.9
482,6,21,2,1.6
483,6,21,3,1.1
484,6,21,4,1.9
485,6,21,5,1.4
486,6,21,6,1.3
487,6,21,7,1.7
488,6,21,8,1.9
489,6,21,9,3.0
490,6,21,10,2.2
491,6,21,11,3.3
492,6,21,12,3.8
493,6,21,13,3.9
494,6,21,14,3.7
495,6,21,15,3.1
496,6,21,16,2.5
497,6,21,17,3.3
498,6,21,18,2.5
499,6,21,19,2.4
500,6,21,20,1.8
501,6,21,21,1.9
502,6,21,22,2.6
503,6,21,23,2.3
504,6,22,0,2.0
505,6,22,1,1.8
506,6,22,2,1.5
507,6,22,3,1.6
508,6,22,4,2.0
509,6,22,5,0.9
510,6,22,6,2.0
511,6,22,7,2.3
512,6,22,8,0.7
513,6,22,9,2.5
514,6,22,10,2.2
515,6,22,11,2.5
516,6,22,12,3.5
517,6,22,13,3.1
518,6,22,14,2.3
519,6,22,15,2.7
520,6,22,16,2.3
521,6,22,17,2.5
522,6,22,18,2.2
523,6,22,19,2.5
524,6,22,20,2.3
525,6,22,21,2.2
526,6,22,22,1.9
527,6,22,23,2.6
528,6,23,0,2.3
529,6,23,1,2.2
530,6,23,2,3.0
531,6,23,3,2.4
532,6,23,4,3.0
533,6,23,5,1.6
534,6,23,6,1.6
535,6,23,7,1.6
536,6,23,8,2.4
537,6,23,9,1.5
538,6,23,10,0.9
539,6,23,11,3.3
540,6,23,12,2.6
541,6,23,13,0.9
542,6,23,14,1.4
543,6,23,15,3.1
544,6,23,16,1.6
545,6,23,17,2.5
546,6,23,18,1.9
547,6,23,19,2.4
548,6,23,20,2.1
549,6,23,21,1.5
550,6,23,22,1.1
551,6,23,23,0.6
552,6,24,0,2.0
553,6,24,1,1.8
554,6,24,2,1.9
555,6,24,3,1.7
556,6,24,4,2.4
557,6,24,5,2.4
558,6,24,6,1.6
559,6,24,7,2.3
560,6,24,8,1.8
561,6,24,9,0.5
562,6,24,10,0.8
563,6,24,11,1.1
564,6,24,12,1.9
565,6,24,13,0.8
566,6,24,14,0.7
567,6,24,15,1.8
568,6,24,16,1.6
569,6,24,17,0.8
570,6,24,18,0.7
571,6,24,19,1.9
572,6,24,20,1.3
573,6,24,21,0.1
574,6,24,22,0.0
575,6,24,23,1.9
576,6,25,0,1.9
577,6,25,1,0.3
578,6,25,2,0.0
579,6,25,3,1.1
580,6,25,4,1.5
581,6,25,5,0.8
582,6,25,6,0.3
583,6,25,7,0.9
584,6,25,8,1.2
585,6,25,9,4.8
586,6,25,10,3.0
587,6,25,11,4.0
588,6,25,12,3.4
589,6,25,13,2.6
590,6,25,14,1.4
591,6,25,15,2.8
592,6,25,16,0.5
593,6,25,17,1.4
594,6,25,18,1.5
595,6,25,19,1.6
596,6,25,20,2.1
597,6,25,21,1.6
598,6,25,22,0.0
599,6,25,23,1.6
600,6,26,0,0.0
601,6,26,1,1.9
602,6,26,2,1.7
603,6,26,3,2.0
604,6,26,4,1.4
605,6,26,5,2.5
606,6,26,6,5.4
607,6,26,7,3.4
608,6,26,8,2.7
609,6,26,9,1.8
610,6,26,10,3.0
611,6,26,11,1.3
612,6,26,12,1.8
613,6,26,13,1.0
614,6,26,14,2.3
615,6,26,15,2.4
616,6,26,16,3.6
617,6,26,17,3.0
618,6,26,18,3.0
619,6,26,19,3.7
620,6,26,20,2.0
621,6,26,21,2.5
622,6,26,22,3.2
623,6,26,23,2.9
624,6,27,0,2.5
625,6,27,1,2.4
626,6,27,2,2.5
627,6,27,3,1.9
628,6,27,4,2.2
629,6,27,5,2.0
630,6,27,6,3.3
631,6,27,7,2.9
632,6,27,8,2.7
633,6,27,9,3.4
634,6,27,10,2.8
635,6,27,11,2.0
636,6,27,12,1.6
637,6,27,13,2.6
638,6,27,14,1.4
639,6,27,15,2.0
640,6,27,16,4.0
641,6,27,17,3.4
642,6,27,18,3.2
643,6,27,19,2.5
644,6,27,20,2.6
645,6,27,21,2.5
646,6,27,22,1.9
647,6,27,23,2.6
648,6,28,0,2.6
649,6,28,1,1.5
650,6,28,2,2.3
651,6,28,3,1.7
652,6,28,4,2.8
653,6,28,5,1.9
654,6,28,6,2.9
655,6,28,7,1.8
656,6,28,8,3.4
657,6,28,9,2.8
658,6,28,10,3.4
659,6,28,11,3.5
660,6,28,12,4.4
661,6,28,13,4.2
662,6,28,14,4.8
663,6,28,15,3.7
664,6,28,16,5.0
665,6,28,17,4.2
666,6,28,18,3.1
667,6,28,19,3.2
668,6,28,20,2.3
669,6,28,21,2.8
670,6,28,22,2.7
671,6,28,23,2.8
672,6,29,0,2.0
673,6,29,1,2.9
674,6,29,2,2.5
675,6,29,3,1.4
676,6,29,4,1.8
677,6,29,5,1.9
678,6,29,6,2.0
679,6,29,7,2.1
680,6,29,8,1.9
681,6,29,9,2.9
682,6,29,10,3.3
683,6,29,11,3.4
684,6,29,12,4.2
685,6,29,13,3.2
686,6,29,14,2.1
687,6,29,15,3.3
688,6,29,16,2.9
689,6,29,17,2.5
690,6,29,18,2.4
691,6,29,19,1.9
692,6,29,20,2.0
693,6,29,21,1.9
694,6,29,22,2.5
695,6,29,23,3.3
696,6,30,0,2.7
697,6,30,1,3.1
698,6,30,2,1.8
699,6,30,3,0.2
700,6,30,4,1.8
701,6,30,5,0.5
702,6,30,6,1.0
703,6,30,7,1.9
704,6,30,8,3.1
705,6,30,9,5.8
706,6,30,10,6.0
707,6,30,11,5.6
708,6,30,12,7.2
709,6,30,13,5.1
710,6,30,14,6.8
711,6,30,15,5.1
712,6,30,16,5.1
713,6,30,17,3.8
714,6,30,18,2.8
715,6,30,19,2.7
716,6,30,20,2.0
717,6,30,21,1.4
718,6,30,22,1.6
719,6,30,23,1.7
720,7,1,0,0.1
721,7,1,1,1.5
722,7,1,2,1.4
723,7,1,3,2.5
724,7,1,4,0.8
725,7,1,5,2.4
726,7,1,6,2.5
727,7,1,7,3.7
728,7,1,8,4.1
729,7,1,9,3.5
730,7,1,10,4.3
731,7,1,11,4.9
732,7,1,12,5.8
733,7,1,13,6.1
734,7,1,14,7.3
735,7,1,15,6.7
736,7,1,16,5.5
737,7,1,17,5.1
738,7,1,18,3.7
739,7,1,19,4.5
740,7,1,20,3.6
741,7,1,21,3.2
742,7,1,22,3.2
743,7,1,23,1.9
744,7,2,0,1.5
745,7,2,1,0.8
746,7,2,2,2.9
747,7,2,3,5.3
748,7,2,4,4.0
749,7,2,5,3.6
750,7,2,6,5.0
751,7,2,7,3.4
752,7,2,8,5.3
753,7,2,9,6.0
754,7,2,10,6.0
755,7,2,11,4.4
756,7,2,12,6.5
757,7,2,13,4.8
758,7,2,14,5.6
759,7,2,15,5.2
760,7,2,16,4.6
761,7,2,17,4.4
762,7,2,18,3.2
763,7,2,19,4.6
764,7,2,20,4.6
765,7,2,21,4.6
766,7,2,22,5.7
767,7,2,23,2.8
768,7,3,0,3.1
769,7,3,1,3.4
770,7,3,2,3.0
771,7,3,3,5.2
772,7,3,4,4.8
773,7,3,5,4.8
774,7,3,6,3.7
775,7,3,7,3.6
776,7,3,8,2.5
777,7,3,9,0.5
778,7,3,10,2.0
779,7,3,11,3.2
780,7,3,12,2.9
781,7,3,13,1.5
782,7,3,14,3.7
783,7,3,15,4.2
784,7,3,16,4.5
785,7,3,17,3.5
786,7,3,18,5.0
787,7,3,19,3.3
788,7,3,20,4.3
789,7,3,21,2.5
790,7,3,22,3.6
791,7,3,23,3.9
792,7,4,0,4.5
793,7,4,1,3.5
794,7,4,2,2.5
795,7,4,3,4.0
796,7,4,4,2.8
797,7,4,5,3.9
798,7,4,6,4.2
799,7,4,7,4.2
800,7,4,8,4.7
801,7,4,9,4.6
802,7,4,10,3.4
803,7,4,11,3.7
804,7,4,12,2.7
805,7,4,13,3.3
806,7,4,14,1.9
807,7,4,15,2.0
808,7,4,16,2.2
809,7,4,17,2.5
810,7,4,18,1.5
811,7,4,19,2.0
812,7,4,20,2.5
813,7,4,21,1.8
814,7,4,22,1.9
815,7,4,23,1.9
816,7,5,0,2.2
817,7,5,1,2.9
818,7,5,2,3.9
819,7,5,3,2.5
820,7,5,4,2.2
821,7,5,5,2.1
822,7,5,6,2.0
823,7,5,7,3.8
824,7,5,8,2.8
825,7,5,9,5.6
826,7,5,10,2.1
827,7,5,11,2.3
828,7,5,12,2.1
829,7,5,13,1.3
830,7,5,14,2.8
831,7,5,15,2.4
832,7,5,16,1.9
833,7,5,17,2.4
834,7,5,18,2.3
835,7,5,19,1.3
836,7,5,20,1.9
837,7,5,21,1.4
838,7,5,22,2.0
839,7,5,23,1.6
840,7,6,0,1.7
841,7,6,1,2.0
842,7,6,2,1.7
843,7,6,3,2.3
844,7,6,4,2.6
845,7,6,5,2.6
846,7,6,6,3.4
847,7,6,7,1.9
848,7,6,8,3.5
849,7,6,9,3.4
850,7,6,10,3.9
851,7,6,11,3.8
852,7,6,12,4.2
853,7,6,13,2.8
854,7,6,14,2.2
855,7,6,15,4.5
856,7,6,16,3.0
857,7,6,17,2.0
858,7,6,18,1.6
859,7,6,19,1.6
860,7,6,20,2.7
861,7,6,21,2.5
862,7,6,22,1.7
863,7,6,23,2.3
864,7,7,0,3.4
865,7,7,1,2.4
866,7,7,2,2.5
867,7,7,3,2.7
868,7,7,4,2.0
869,7,7,5,3.9
870,7,7,6,2.8
871,7,7,7,2.5
872,7,7,8,2.6
873,7,7,9,2.7
874,7,7,10,3.6
875,7,7,11,3.2
876,7,7,12,2.6
877,7,7,13,2.2
878,7,7,14,3.6
879,7,7,15,2.4
880,7,7,16,2.1
881,7,7,17,2.5
882,7,7,18,3.8
883,7,7,19,2.9
884,7,7,20,3.1
885,7,7,21,3.5
886,7,7,22,3.0
887,7,7,23,2.7
888,7,8,0,2.9
889,7,8,1,3.0
890,7,8,2,2.8
891,7,8,3,2.7
892,7,8,4,2.0
893,7,8,5,2.0
894,7,8,6,0.8
895,7,8,7,1.5
896,7,8,8,0.9
897,7,8,9,0.0
898,7,8,10,2.3
899,7,8,11,2.1
900,7,8,12,4.1
901,7,8,13,3.3
902,7,8,14,2.9
903,7,8,15,3.5
904,7,8,16,3.1
905,7,8,17,2.2
906,7,8,18,3.1
907,7,8,19,3.6
908,7,8,20,2.5
909,7,8,21,2.6
910,7,8,22,2.8
911,7,8,23,3.3
912,7,9,0,2.9
913,7,9,1,2.7
914,7,9,2,2.5
915,7,9,3,2.6
916,7,9,4,3.3
917,7,9,5,1.9
918,7,9,6,2.9
919,7,9,7,2.9
920,7,9,8,0.6
921,7,9,9,1.6
922,7,9,10,0.7
923,7,9,11,3.0
924,7,9,12,2.1
925,7,9,13,2.5
926,7,9,14,2.5
927,7,9,15,2.9
928,7,9,16,4.5
929,7,9,17,2.7
930,7,9,18,2.7
931,7,9,19,2.4
932,7,9,20,2.5
933,7,9,21,3.2
934,7,9,22,2.7
935,7,9,23,2.1
936,7,10,0,2.8
937,7,10,1,2.3
938,7,10,2,3.2
939,7,10,3,2.1
940,7,10,4,1.7
941,7,10,5,2.0
942,7,10,6,3.0
943,7,10,7,3.2
944,7,10,8,4.0
945,7,10,9,5.1
946,7,10,10,3.3
947,7,10,11,3.9
948,7,10,12,3.2
949,7,10,13,5.1
950,7,10,14,4.6
951,7,10,15,3.0
952,7,10,16,2.2
953,7,10,17,1.8
954,7,10,18,3.3
955,7,10,19,4.0
956,7,10,20,3.6
957,7,10,21,3.7
958,7,10,22,4.1
959,7,10,23,2.2
960,7,11,0,2.0
961,7,11,1,3.9
962,7,11,2,2.6
963,7,11,3,3.5
964,7,11,4,4.2
965,7,11,5,3.5
966,7,11,6,2.7
967,7,11,7,2.3
968,7,11,8,3.5
969,7,11,9,4.4
970,7,11,10,3.0
971,7,11,11,4.3
972,7,11,12,3.4
973,7,11,13,2.3
974,7,11,14,2.6
975,7,11,15,1.9
976,7,11,16,2.2
977,7,11,17,3.1
978,7,11,18,3.3
979,7,11,19,2.3
980,7,11,20,2.4
981,7,11,21,2.2
982,7,11,22,2.3
983,7,11,23,3.2
984,7,12,0,2.6
985,7,12,1,1.6
986,7,12,2,1.1
987,7,12,3,0.6
988,7,12,4,0.9
989,7,12,5,1.7
990,7,12,6,2.4
991,7,12,7,2.5
992,7,12,8,3.3
993,7,12,9,2.8
994,7,12,10,3.8
995,7,12,11,4.5
996,7,12,12,3.9
997,7,12,13,4.3
998,7,12,14,4.7
999,7,12,15,4.5
1000,7,12,16,3.4
1001,7,12,17,4.0
1002,7,12,18,2.8
1003,7,12,19,2.7
1004,7,12,20,2.1
1005,7,12,21,2.9
1006,7,12,22,2.7
1007,7,12,23,2.0
1008,7,13,0,2.6
1009,7,13,1,2.4
1010,7,13,2,3.4
1011,7,13,3,2.5
1012,7,13,4,3.5
1013,7,13,5,2.0
1014,7,13,6,2.7
1015,7,13,7,3.1
1016,7,13,8,1.3
1017,7,13,9,2.3
1018,7,13,10,3.5
1019,7,13,11,2.6
1020,7,13,12,2.8
1021,7,13,13,2.6
1022,7,13,14,2.5
1023,7,13,15,3.0
1024,7,13,16,2.5
1025,7,13,17,2.4
1026,7,13,18,1.7
1027,7,13,19,1.5
1028,7,13,20,2.3
1029,7,13,21,1.8
1030,7,13,22,1.6
1031,7,13,23,2.0
1032,7,14,0,1.5
1033,7,14,1,2.3
1034,7,14,2,1.0
1035,7,14,3,2.0
1036,7,14,4,2.7
1037,7,14,5,1.5
1038,7,14,6,2.5
1039,7,14,7,2.6
1040,7,14,8,1.2
1041,7,14,9,2.5
1042,7,14,10,3.5
1043,7,14,11,2.8
1044,7,14,12,2.8
1045,7,14,13,3.8
1046,7,14,14,3.5
1047,7,14,15,2.8
1048,7,14,16,3.2
1049,7,14,17,2.8
1050,7,14,18,2.4
1051,7,14,19,1.5
1052,7,14,20,1.5
1053,7,14,21,1.2
1054,7,14,22,1.6
1055,7,14,23,1.5
1056,7,15,0,1.8
1057,7,15,1,0.7
1058,7,15,2,1.3
1059,7,15,3,1.3
1060,7,15,4,0.0
1061,7,15,5,0.1
1062,7,15,6,0.8
1063,7,15,7,0.2
1064,7,15,8,0.4
1065,7,15,9,2.5
1066,7,15,10,2.8
1067,7,15,11,3.8
1068,7,15,12,4.5
1069,7,15,13,3.5
1070,7,15,14,3.4
1071,7,15,15,3.5
1072,7,15,16,3.7
1073,7,15,17,2.6
1074,7,15,18,1.2
1075,7,15,19,1.6
1076,7,15,20,0.9
1077,7,15,21,1.2
1078,7,15,22,1.8
1079,7,15,23,0.8
1080,7,16,0,1.6
1081,7,16,1,1.9
1082,7,16,2,1.8
1083,7,16,3,1.3
1084,7,16,4,2.2
1085,7,16,5,1.6
1086,7,16,6,2.6
1087,7,16,7,3.0
1088,7,16,8,3.9
1089,7,16,9,4.1
1090,7,16,10,3.5
1091,7,16,11,3.8
1092,7,16,12,5.2
1093,7,16,13,5.8
1094,7,16,14,5.0
1095,7,16,15,5.5
1096,7,16,16,4.9
1097,7,16,17,4.2
1098,7,16,18,2.8
1099,7,16,19,2.8
1100,7,16,20,2.7
1101,7,16,21,3.2
1102,7,16,22,1.6
1103,7,16,23,1.5
1104,7,17,0,2.9
1105,7,17,1,2.5
1106,7,17,2,2.5
1107,7,17,3,1.6
1108,7,17,4,1.1
1109,7,17,5,2.4
1110,7,17,6,2.3
1111,7,17,7,1.8
1112,7,17,8,2.0
1113,7,17,9,1.8
1114,7,17,10,3.1
1115,7,17,11,4.0
1116,7,17,12,3.7
1117,7,17,13,2.6
1118,7,17,14,1.5
1119,7,17,15,1.9
1120,7,17,16,2.3
1121,7,17,17,2.5
1122,7,17,18,2.4
1123,7,17,19,2.1
1124,7,17,20,1.8
1125,7,17,21,2.3
1126,7,17,22,2.9
1127,7,17,23,2.5
1128,7,18,0,3.2
1129,7,18,1,2.4
1130,7,18,2,2.9
1131,7,18,3,3.2
1132,7,18,4,3.3
1133,7,18,5,2.5
1134,7,18,6,2.4
1135,7,18,7,1.1
1136,7,18,8,2.7
1137,7,18,9,3.1
1138,7,18,10,3.0
1139,7,18,11,5.8
1140,7,18,12,6.0
1141,7,18,13,5.3
1142,7,18,14,3.7
1143,7,18,15,3.7
1144,7,18,16,3.6
1145,7,18,17,2.5
1146,7,18,18,2.1
1147,7,18,19,1.4
1148,7,18,20,3.5
1149,7,18,21,1.4
1150,7,18,22,0.2
1151,7,18,23,1.3
1152,7,19,0,2.4
1153,7,19,1,1.9
1154,7,19,2,3.2
1155,7,19,3,2.0
1156,7,19,4,1.9
1157,7,19,5,3.2
1158,7,19,6,2.5
1159,7,19,7,4.1
1160,7,19,8,3.8
1161,7,19,9,4.3
1162,7,19,10,4.0
1163,7,19,11,1.4
1164,7,19,12,0.9
1165,7,19,13,1.6
1166,7,19,14,2.7
1167,7,19,15,3.4
1168,7,19,16,3.4
1169,7,19,17,2.0
1170,7,19,18,3.8
1171,7,19,19,4.7
1172,7,19,20,4.1
1173,7,19,21,4.5
1174,7,19,22,3.8
1175,7,19,23,3.7
1176,7,20,0,3.8
1177,7,20,1,3.4
1178,7,20,2,2.7
1179,7,20,3,2.9
1180,7,20,4,3.0
1181,7,20,5,3.3
1182,7,20,6,2.8
1183,7,20,7,2.5
1184,7,20,8,3.8
1185,7,20,9,4.0
1186,7,20,10,1.1
1187,7,20,11,2.0
1188,7,20,12,1.1
1189,7,20,13,2.4
1190,7,20,14,2.9
1191,7,20,15,2.0
1192,7,20,16,1.6
1193,7,20,17,2.7
1194,7,20,18,2.6
1195,7,20,19,3.8
1196,7,20,20,2.5
1197,7,20,21,1.9
1198,7,20,22,3.0
1199,7,20,23,2.2
1200,7,21,0,3.3
1201,7,21,1,2.9
1202,7,21,2,2.6
1203,7,21,3,3.0
1204,7,21,4,2.8
1205,7,21,5,2.2
1206,7,21,6,1.9
1207,7,21,7,1.7
1208,7,21,8,3.0
1209,7,21,9,2.8
1210,7,21,10,3.1
1211,7,21,11,4.1
1212,7,21,12,3.0
1213,7,21,13,2.5
1214,7,21,14,3.2
1215,7,21,15,2.8
1216,7,21,16,1.8
1217,7,21,17,1.3
1218,7,21,18,2.8
1219,7,21,19,1.6
1220,7,21,20,1.4
1221,7,21,21,2.2
1222,7,21,22,1.8
1223,7,21,23,1.1
1224,7,22,0,2.0
1225,7,22,1,1.4
1226,7,22,2,1.3
1227,7,22,3,1.6
1228,7,22,4,3.1
1229,7,22,5,2.7
1230,7,22,6,2.8
1231,7,22,7,3.4
1232,7,22,8,4.8
1233,7,22,9,4.8
1234,7,22,10,4.6
1235,7,22,11,4.7
1236,7,22,12,3.8
1237,7,22,13,4.2
1238,7,22,14,5.4
1239,7,22,15,4.5
1240,7,22,16,5.1
1241,7,22,17,3.7
1242,7,22,18,3.4
1243,7,22,19,1.9
1244,7,22,20,2.7
1245,7,22,21,2.4
1246,7,22,22,2.8
1247,7,22,23,2.3
1248,7,23,0,2.7
1249,7,23,1,0.6
1250,7,23,2,0.9
1251,7,23,3,1.7
1252,7,23,4,1.6
1253,7,23,5,2.0
1254,7,23,6,1.9
1255,7,23,7,2.0
1256,7,23,8,3.6
1257,7,23,9,4.1
1258,7,23,10,5.1
1259,7,23,11,5.3
1260,7,23,12,4.9
1261,7,23,13,5.5
1262,7,23,14,5.7
1263,7,23,15,4.1
1264,7,23,16,2.8
1265,7,23,17,1.4
1266,7,23,18,1.9
1267,7,23,19,1.3
1268,7,23,20,1.5
1269,7,23,21,1.6
1270,7,23,22,2.4
1271,7,23,23,1.5
1272,7,24,0,2.5
1273,7,24,1,1.4
1274,7,24,2,2.2
1275,7,24,3,2.3
1276,7,24,4,2.4
1277,7,24,5,2.9
1278,7,24,6,2.7
1279,7,24,7,2.7
1280,7,24,8,2.6
1281,7,24,9,2.9
1282,7,24,10,3.5
1283,7,24,11,4.1
1284,7,24,12,3.4
1285,7,24,13,4.0
1286,7,24,14,3.5
1287,7,24,15,3.0
1288,7,24,16,3.2
1289,7,24,17,1.3
1290,7,24,18,1.6
1291,7,24,19,2.1
1292,7,24,20,1.0
1293,7,24,21,1.6
1294,7,24,22,1.8
1295,7,24,23,0.4
1296,7,25,0,0.8
1297,7,25,1,1.1
1298,7,25,2,1.1
1299,7,25,3,0.3
1300,7,25,4,0.8
1301,7,25,5,1.8
1302,7,25,6,1.4
1303,7,25,7,1.4
1304,7,25,8,1.8
1305,7,25,9,2.4
1306,7,25,10,2.8
1307,7,25,11,3.1
1308,7,25,12,3.2
1309,7,25,13,4.2
1310,7,25,14,3.7
1311,7,25,15,3.9
1312,7,25,16,2.8
1313,7,25,17,3.1
1314,7,25,18,2.4
1315,7,25,19,1.4
1316,7,25,20,2.0
1317,7,25,21,1.7
1318,7,25,22,1.5
1319,7,25,23,1.2
1320,7,26,0,1.4
1321,7,26,1,0.9
1322,7,26,2,1.5
1323,7,26,3,1.8
1324,7,26,4,1.6
1325,7,26,5,2.5
1326,7,26,6,1.0
1327,7,26,7,1.6
1328,7,26,8,2.2
1329,7,26,9,1.6
1330,7,26,10,2.6
1331,7,26,11,3.2
1332,7,26,12,3.9
1333,7,26,13,4.3
1334,7,26,14,4.2
1335,7,26,15,2.6
1336,7,26,16,1.6
1337,7,26,17,2.0
1338,7,26,18,0.6
1339,7,26,19,1.2
1340,7,26,20,1.6
1341,7,26,21,2.7
1342,7,26,22,2.3
1343,7,26,23,2.3
1344,7,27,0,1.9
1345,7,27,1,2.0
1346,7,27,2,1.1
1347,7,27,3,1.3
1348,7,27,4,1.4
1349,7,27,5,1.2
1350,7,27,6,1.4
1351,7,27,7,2.4
1352,7,27,8,2.5
1353,7,27,9,2.3
1354,7,27,10,3.1
1355,7,27,11,2.8
1356,7,27,12,4.5
1357,7,27,13,3.1
1358,7,27,14,2.5
1359,7,27,15,2.7
1360,7,27,16,2.9
1361,7,27,17,0.7
1362,7,27,18,1.9
1363,7,27,19,2.4
1364,7,27,20,1.6
1365,7,27,21,1.1
1366,7,27,22,0.6
1367,7,27,23,1.3
1368,7,28,0,2.3
1369,7,28,1,2.0
1370,7,28,2,1.7
1371,7,28,3,1.9
1372,7,28,4,0.8
1373,7,28,5,1.9
1374,7,28,6,0.2
1375,7,28,7,0.2
1376,7,28,8,2.7
1377,7,28,9,2.7
1378,7,28,10,3.3
1379,7,28,11,2.9
1380,7,28,12,3.0
1381,7,28,13,4.3
1382,7,28,14,3.3
1383,7,28,15,2.1
1384,7,28,16,1.1
1385,7,28,17,1.1
1386,7,28,18,0.9
1387,7,28,19,1.3
1388,7,28,20,2.0
1389,7,28,21,1.6
1390,7,28,22,1.1
1391,7,28,23,1.5
1392,7,29,0,0.8
1393,7,29,1,1.4
1394,7,29,2,1.0
1395,7,29,3,0.9
1396,7,29,4,0.2
1397,7,29,5,1.5
1398,7,29,6,0.9
1399,7,29,7,3.2
1400,7,29,8,2.6
1401,7,29,9,3.2
1402,7,29,10,3.5
1403,7,29,11,2.8
1404,7,29,12,3.5
1405,7,29,13,4.0
1406,7,29,14,4.5
1407,7,29,15,2.7
1408,7,29,16,3.0
1409,7,29,17,3.3
1410,7,29,18,2.3
1411,7,29,19,2.8
1412,7,29,20,2.3
1413,7,29,21,0.9
1414,7,29,22,2.0
1415,7,29,23,0.9
1416,7,30,0,1.0
1417,7,30,1,1.7
1418,7,30,2,0.8
1419,7,30,3,0.1
1420,7,30,4,0.7
1421,7,30,5,1.5
1422,7,30,6,2.1
1423,7,30,7,2.6
1424,7,30,8,2.0
1425,7,30,9,1.3
1426,7,30,10,2.2
1427,7,30,11,4.1
1428,7,30,12,2.5
1429,7,30,13,4.4
1430,7,30,14,4.6
1431,7,30,15,4.2
1432,7,30,16,3.1
1433,7,30,17,2.0
1434,7,30,18,2.3
1435,7,30,19,1.9
1436,7,30,20,1.4
1437,7,30,21,0.8
1438,7,30,22,1.3
1439,7,30,23,1.1
1440,7,31,0,1.1
1441,7,31,1,2.4
1442,7,31,2,1.6
1443,7,31,3,1.4
1444,7,31,4,0.6
1445,7,31,5,1.1
1446,7,31,6,1.4
1447,7,31,7,3.5
1448,7,31,8,3.1
1449,7,31,9,1.5
1450,7,31,10,2.3
1451,7,31,11,3.7
1452,7,31,12,3.9
1453,7,31,13,4.0
1454,7,31,14,4.5
1455,7,31,15,2.7
1456,7,31,16,3.9
1457,7,31,17,4.2
1458,7,31,18,2.0
1459,7,31,19,2.3
1460,7,31,20,2.6
1461,7,31,21,0.3
1462,7,31,22,1.9
1463,7,31,23,1.7
1464,8,1,0,1.9
1465,8,1,1,1.0
1466,8,1,2,1.5
1467,8,1,3,1.4
1468,8,1,4,1.6
1469,8,1,5,1.4
1470,8,1,6,0.4
1471,8,1,7,0.8
1472,8,1,8,2.5
1473,8,1,9,2.2
1474,8,1,10,1.7
1475,8,1,11,2.6
1476,8,1,12,1.9
1477,8,1,13,2.4
1478,8,1,14,2.8
1479,8,1,15,2.5
1480,8,1,16,4.2
1481,8,1,17,2.0
1482,8,1,18,0.0
1483,8,1,19,2.3
1484,8,1,20,1.1
1485,8,1,21,1.5
1486,8,1,22,1.1
1487,8,1,23,1.9
1488,8,2,0,0.4
1489,8,2,1,0.2
1490,8,2,2,0.3
1491,8,2,3,0.2
1492,8,2,4,0.3
1493,8,2,5,1.0
1494,8,2,6,1.5
1495,8,2,7,1.4
1496,8,2,8,1.2
1497,8,2,9,3.6
1498,8,2,10,2.0
1499,8,2,11,2.6
1500,8,2,12,2.8
1501,8,2,13,4.3
1502,8,2,14,7.3
1503,8,2,15,1.4
1504,8,2,16,3.2
1505,8,2,17,3.0
1506,8,2,18,2.4
1507,8,2,19,1.4
1508,8,2,20,2.0
1509,8,2,21,0.8
1510,8,2,22,0.3
1511,8,2,23,1.5
1512,8,3,0,1.3
1513,8,3,1,1.1
1514,8,3,2,1.2
1515,8,3,3,1.9
1516,8,3,4,1.0
1517,8,3,5,1.8
1518,8,3,6,1.4
1519,8,3,7,0.2
1520,8,3,8,1.3
1521,8,3,9,2.2
1522,8,3,10,3.3
1523,8,3,11,3.8
1524,8,3,12,3.8
1525,8,3,13,5.2
1526,8,3,14,4.9
1527,8,3,15,5.5
1528,8,3,16,3.0
1529,8,3,17,2.3
1530,8,3,18,3.3
1531,8,3,19,1.4
1532,8,3,20,2.9
1533,8,3,21,1.1
1534,8,3,22,1.2
1535,8,3,23,2.4
1536,8,4,0,2.0
1537,8,4,1,0.7
1538,8,4,2,2.1
1539,8,4,3,1.6
1540,8,4,4,1.4
1541,8,4,5,0.9
1542,8,4,6,1.8
1543,8,4,7,1.1
1544,8,4,8,1.3
1545,8,4,9,2.0
1546,8,4,10,3.5
1547,8,4,11,3.9
1548,8,4,12,2.5
1549,8,4,13,3.0
1550,8,4,14,3.1
1551,8,4,15,3.9
1552,8,4,16,4.2
1553,8,4,17,3.7
1554,8,4,18,2.8
1555,8,4,19,2.1
1556,8,4,20,0.6
1557,8,4,21,1.1
1558,8,4,22,1.9
1559,8,4,23,0.8
1560,8,5,0,1.3
1561,8,5,1,1.6
1562,8,5,2,0.9
1563,8,5,3,1.3
1564,8,5,4,0.7
1565,8,5,5,1.7
1566,8,5,6,0.0
1567,8,5,7,1.3
1568,8,5,8,2.4
1569,8,5,9,1.0
1570,8,5,10,2.0
1571,8,5,11,2.2
1572,8,5,12,3.2
1573,8,5,13,3.3
1574,8,5,14,3.0
1575,8,5,15,3.3
1576,8,5,16,2.5
1577,8,5,17,4.1
1578,8,5,18,2.1
1579,8,5,19,1.8
1580,8,5,20,0.7
1581,8,5,21,1.3
1582,8,5,22,1.3
1583,8,5,23,1.7
1584,8,6,0,1.5
1585,8,6,1,1.3
1586,8,6,2,0.9
1587,8,6,3,0.7
1588,8,6,4,1.2
1589,8,6,5,0.3
1590,8,6,6,0.0
1591,8,6,7,0.7
1592,8,6,8,0.9
1593,8,6,9,1.7
1594,8,6,10,2.3
1595,8,6,11,3.3
1596,8,6,12,4.3
1597,8,6,13,4.3
1598,8,6,14,4.0
1599,8,6,15,3.0
1600,8,6,16,2.8
1601,8,6,17,1.1
1602,8,6,18,2.2
1603,8,6,19,2.5
1604,8,6,20,2.0
1605,8,6,21,2.7
1606,8,6,22,3.3
1607,8,6,23,2.7
1608,8,7,0,3.0
1609,8,7,1,3.1
1610,8,7,2,3.0
1611,8,7,3,2.7
1612,8,7,4,3.3
1613,8,7,5,3.5
1614,8,7,6,1.4
1615,8,7,7,1.3
1616,8,7,8,1.6
1617,8,7,9,0.6
1618,8,7,10,2.5
1619,8,7,11,2.0
1620,8,7,12,3.7
1621,8,7,13,3.4
1622,8,7,14,5.5
1623,8,7,15,4.4
1624,8,7,16,2.3
1625,8,7,17,2.9
1626,8,7,18,1.1
1627,8,7,19,2.1
1628,8,7,20,2.5
1629,8,7,21,2.4
1630,8,7,22,2.1
1631,8,7,23,2.4
1632,8,8,0,1.6
1633,8,8,1,1.2
1634,8,8,2,0.1
1635,8,8,3,1.7
1636,8,8,4,0.4
1637,8,8,5,1.0
1638,8,8,6,1.5
1639,8,8,7,1.3
1640,8,8,8,0.7
1641,8,8,9,1.1
1642,8,8,10,2.9
1643,8,8,11,2.7
1644,8,8,12,3.6
1645,8,8,13,5.0
1646,8,8,14,2.4
1647,8,8,15,6.3
1648,8,8,16,3.5
1649,8,8,17,3.5
1650,8,8,18,4.5
1651,8,8,19,3.8
1652,8,8,20,4.6
1653,8,8,21,6.3
1654,8,8,22,5.8
1655,8,8,23,6.2
1656,8,9,0,4.9
1657,8,9,1,5.7
1658,8,9,2,6.8
1659,8,9,3,8.2
1660,8,9,4,7.8
1661,8,9,5,6.0
1662,8,9,6,7.1
1663,8,9,7,6.9
1664,8,9,8,8.2
1665,8,9,9,6.7
1666,8,9,10,6.3
1667,8,9,11,6.5
1668,8,9,12,4.3
1669,8,9,13,3.8
1670,8,9,14,4.0
1671,8,9,15,2.4
1672,8,9,16,1.4
1673,8,9,17,2.8
1674,8,9,18,2.6
1675,8,9,19,2.4
1676,8,9,20,3.1
1677,8,9,21,3.6
1678,8,9,22,5.5
1679,8,9,23,5.8
1680,8,10,0,5.5
1681,8,10,1,6.7
1682,8,10,2,6.2
1683,8,10,3,5.0
1684,8,10,4,6.0
1685,8,10,5,6.3
1686,8,10,6,6.1
1687,8,10,7,5.1
1688,8,10,8,4.9
1689,8,10,9,5.4
1690,8,10,10,5.2
1691,8,10,11,6.2
1692,8,10,12,5.9
1693,8,10,13,6.0
1694,8,10,14,6.0
1695,8,10,15,5.6
1696,8,10,16,4.3
1697,8,10,17,5.3
1698,8,10,18,4.9
1699,8,10,19,3.4
1700,8,10,20,3.7
1701,8,10,21,4.8
1702,8,10,22,4.6
1703,8,10,23,4.0
1704,8,11,0,4.2
1705,8,11,1,4.5
1706,8,11,2,4.6
1707,8,11,3,4.9
1708,8,11,4,3.9
1709,8,11,5,3.7
1710,8,11,6,3.6
1711,8,11,7,4.1
1712,8,11,8,4.6
1713,8,11,9,5.2
1714,8,11,10,6.1
1715,8,11,11,5.6
1716,8,11,12,5.3
1717,8,11,13,5.5
1718,8,11,14,5.0
1719,8,11,15,4.8
1720,8,11,16,4.3
1721,8,11,17,3.3
1722,8,11,18,3.6
1723,8,11,19,3.0
1724,8,11,20,4.0
1725,8,11,21,2.7
1726,8,11,22,3.6
1727,8,11,23,3.4
1728,8,12,0,3.6
1729,8,12,1,3.7
1730,8,12,2,3.5
1731,8,12,3,2.9
1732,8,12,4,3.2
1733,8,12,5,3.6
1734,8,12,6,1.5
1735,8,12,7,1.4
1736,8,12,8,2.2
1737,8,12,9,1.1
1738,8,12,10,2.0
1739,8,12,11,2.6
1740,8,12,12,3.0
1741,8,12,13,2.6
1742,8,12,14,1.8
1743,8,12,15,0.6
1744,8,12,16,2.2
1745,8,12,17,2.0
1746,8,12,18,2.0
1747,8,12,19,2.9
1748,8,12,20,1.8
1749,8,12,21,1.8
1750,8,12,22,3.4
1751,8,12,23,2.5
1752,8,13,0,0.7
1753,8,13,1,3.0
1754,8,13,2,2.7
1755,8,13,3,3.3
1756,8,13,4,4.5
1757,8,13,5,3.8
1758,8,13,6,2.3
1759,8,13,7,4.3
1760,8,13,8,2.5
1761,8,13,9,3.5
1762,8,13,10,1.4
1763,8,13,11,2.3
1764,8,13,12,1.0
1765,8,13,13,1.4
1766,8,13,14,1.8
1767,8,13,15,2.0
1768,8,13,16,1.0
1769,8,13,17,2.9
1770,8,13,18,1.1
1771,8,13,19,1.3
1772,8,13,20,2.0
1773,8,13,21,2.3
1774,8,13,22,1.6
1775,8,13,23,1.7
1776,8,14,0,2.2
1777,8,14,1,2.2
1778,8,14,2,2.6
1779,8,14,3,1.6
1780,8,14,4,2.1
1781,8,14,5,1.9
1782,8,14,6,1.6
1783,8,14,7,2.9
1784,8,14,8,2.7
1785,8,14,9,2.9
1786,8,14,10,3.5
1787,8,14,11,2.3
1788,8,14,12,2.5
1789,8,14,13,5.2
1790,8,14,14,1.3
1791,8,14,15,3.8
1792,8,14,16,4.8
1793,8,14,17,3.6
1794,8,14,18,3.6
1795,8,14,19,2.3
1796,8,14,20,2.4
1797,8,14,21,3.4
1798,8,14,22,1.2
1799,8,14,23,1.4
1800,8,15,0,0.6
1801,8,15,1,2.7
1802,8,15,2,2.9
1803,8,15,3,3.7
1804,8,15,4,4.0
1805,8,15,5,4.2
1806,8,15,6,3.5
1807,8,15,7,4.6
1808,8,15,8,6.5
1809,8,15,9,5.1
1810,8,15,10,4.8
1811,8,15,11,4.6
1812,8,15,12,4.3
1813,8,15,13,4.0
1814,8,15,14,2.9
1815,8,15,15,5.2
1816,8,15,16,4.7
1817,8,15,17,5.9
1818,8,15,18,4.1
1819,8,15,19,4.2
1820,8,15,20,4.7
1821,8,15,21,5.3
1822,8,15,22,2.7
1823,8,15,23,5.2
1824,8,16,0,4.6
1825,8,16,1,4.5
1826,8,16,2,3.0
1827,8,16,3,4.0
1828,8,16,4,3.2
1829,8,16,5,2.8
1830,8,16,6,1.8
1831,8,16,7,2.7
1832,8,16,8,7.2
1833,8,16,9,2.3
1834,8,16,10,3.2
1835,8,16,11,1.1
1836,8,16,12,1.5
1837,8,16,13,2.0
1838,8,16,14,1.9
1839,8,16,15,2.3
1840,8,16,16,1.4
1841,8,16,17,3.0
1842,8,16,18,2.0
1843,8,16,19,2.3
1844,8,16,20,1.7
1845,8,16,21,2.6
1846,8,16,22,1.6
1847,8,16,23,2.5
1848,8,17,0,3.2
1849,8,17,1,2.7
1850,8,17,2,3.7
1851,8,17,3,3.4
1852,8,17,4,3.2
1853,8,17,5,2.8
1854,8,17,6,3.0
1855,8,17,7,2.9
1856,8,17,8,2.4
1857,8,17,9,2.9
1858,8,17,10,1.8
1859,8,17,11,1.8
1860,8,17,12,3.5
1861,8,17,13,2.9
1862,8,17,14,2.6
1863,8,17,15,3.3
1864,8,17,16,2.4
1865,8,17,17,2.0
1866,8,17,18,2.4
1867,8,17,19,0.7
1868,8,17,20,1.8
1869,8,17,21,3.8
1870,8,17,22,1.8
1871,8,17,23,0.5
1872,8,18,0,3.0
1873,8,18,1,2.4
1874,8,18,2,2.9
1875,8,18,3,2.5
1876,8,18,4,2.2
1877,8,18,5,1.5
1878,8,18,6,1.9
1879,8,18,7,1.7
1880,8,18,8,2.0
1881,8,18,9,2.9
1882,8,18,10,3.9
1883,8,18,11,2.5
1884,8,18,12,2.9
1885,8,18,13,3.9
1886,8,18,14,2.4
1887,8,18,15,2.8
1888,8,18,16,1.9
1889,8,18,17,2.2
1890,8,18,18,2.8
1891,8,18,19,2.4
1892,8,18,20,2.2
1893,8,18,21,1.5
1894,8,18,22,1.5
1895,8,18,23,3.0
1896,8,19,0,2.1
1897,8,19,1,2.0
1898,8,19,2,2.0
1899,8,19,3,1.9
1900,8,19,4,1.8
1901,8,19,5,1.5
1902,8,19,6,3.7
1903,8,19,7,0.3
1904,8,19,8,2.7
1905,8,19,9,3.3
1906,8,19,10,2.9
1907,8,19,11,2.4
1908,8,19,12,2.9
1909,8,19,13,3.9
1910,8,19,14,2.9
1911,8,19,15,2.3
1912,8,19,16,2.8
1913,8,19,17,2.3
1914,8,19,18,2.2
1915,8,19,19,2.2
1916,8,19,20,1.6
1917,8,19,21,2.6
1918,8,19,22,2.7
1919,8,19,23,2.0
1920,8,20,0,2.1
1921,8,20,1,1.5
1922,8,20,2,0.1
1923,8,20,3,0.7
1924,8,20,4,0.8
1925,8,20,5,0.3
1926,8,20,6,0.0
1927,8,20,7,0.2
1928,8,20,8,0.1
1929,8,20,9,1.4
1930,8,20,10,0.9
1931,8,20,11,3.2
1932,8,20,12,3.4
1933,8,20,13,3.7
1934,8,20,14,4.0
1935,8,20,15,2.7
1936,8,20,16,3.9
1937,8,20,17,1.4
1938,8,20,18,1.9
1939,8,20,19,2.5
1940,8,20,20,1.7
1941,8,20,21,2.9
1942,8,20,22,2.0
1943,8,20,23,1.8
1944,8,21,0,1.7
1945,8,21,1,2.6
1946,8,21,2,3.2
1947,8,21,3,3.7
1948,8,21,4,3.0
1949,8,21,5,2.6
1950,8,21,6,1.6
1951,8,21,7,2.1
1952,8,21,8,1.7
1953,8,21,9,2.2
1954,8,21,10,2.7
1955,8,21,11,2.5
1956,8,21,12,2.1
1957,8,21,13,1.8
1958,8,21,14,0.4
1959,8,21,15,3.0
1960,8,21,16,1.4
1961,8,21,17,1.9
1962,8,21,18,1.1
1963,8,21,19,1.9
1964,8,21,20,1.9
1965,8,21,21,1.7
1966,8,21,22,2.3
1967,8,21,23,1.2
