,month,day,hour,speed
0,6,1,0,1.1
1,6,1,1,1.7
2,6,1,2,2.1
3,6,1,3,2.3
4,6,1,4,1.4
5,6,1,5,2.4
6,6,1,6,1.5
7,6,1,7,0.3
8,6,1,8,2.3
9,6,1,9,2.3
10,6,1,10,2.3
11,6,1,11,3.1
12,6,1,12,3.7
13,6,1,13,4.3
14,6,1,14,4.7
15,6,1,15,5.0
16,6,1,16,5.2
17,6,1,17,3.9
18,6,1,18,2.9
19,6,1,19,2.6
20,6,1,20,2.5
21,6,1,21,2.3
22,6,1,22,2.3
23,6,1,23,1.7
24,6,2,0,2.3
25,6,2,1,2.0
26,6,2,2,1.6
27,6,2,3,1.6
28,6,2,4,1.3
29,6,2,5,1.1
30,6,2,6,2.5
31,6,2,7,2.2
32,6,2,8,2.3
33,6,2,9,1.3
34,6,2,10,2.2
35,6,2,11,3.0
36,6,2,12,3.3
37,6,2,13,3.2
38,6,2,14,3.1
39,6,2,15,3.1
40,6,2,16,3.0
41,6,2,17,2.2
42,6,2,18,2.0
43,6,2,19,2.5
44,6,2,20,1.9
45,6,2,21,1.6
46,6,2,22,1.8
47,6,2,23,1.1
48,6,3,0,2.0
49,6,3,1,1.4
50,6,3,2,2.1
51,6,3,3,1.8
52,6,3,4,1.2
53,6,3,5,0.7
54,6,3,6,1.6
55,6,3,7,2.6
56,6,3,8,2.7
57,6,3,9,3.7
58,6,3,10,3.2
59,6,3,11,2.4
60,6,3,12,3.0
61,6,3,13,1.5
62,6,3,14,2.9
63,6,3,15,2.7
64,6,3,16,1.5
65,6,3,17,1.3
66,6,3,18,1.0
67,6,3,19,1.1
68,6,3,20,2.0
69,6,3,21,2.0
70,6,3,22,1.5
71,6,3,23,2.1
72,6,4,0,1.3
73,6,4,1,2.4
74,6,4,2,1.3
75,6,4,3,1.9
76,6,4,4,1.8
77,6,4,5,2.0
78,6,4,6,1.8
79,6,4,7,1.2
80,6,4,8,1.8
81,6,4,9,1.3
82,6,4,10,0.9
83,6,4,11,1.7
84,6,4,12,2.2
85,6,4,13,0.9
86,6,4,14,3.3
87,6,4,15,2.0
88,6,4,16,1.5
89,6,4,17,2.4
90,6,4,18,1.6
91,6,4,19,0.1
92,6,4,20,1.3
93,6,4,21,1.0
94,6,4,22,0.8
95,6,4,23,0.8
96,6,5,0,1.1
97,6,5,1,1.4
98,6,5,2,0.1
99,6,5,3,0.1
100,6,5,4,0.9
101,6,5,5,1.1
102,6,5,6,1.9
103,6,5,7,2.2
104,6,5,8,2.0
105,6,5,9,1.9
106,6,5,10,2.7
107,6,5,11,2.1
108,6,5,12,3.1
109,6,5,13,2.5
110,6,5,14,2.6
111,6,5,15,2.2
112,6,5,16,2.5
113,6,5,17,1.8
114,6,5,18,1.9
115,6,5,19,0.1
116,6,5,20,0.8
117,6,5,21,2.2
118,6,5,22,0.4
119,6,5,23,1.8
120,6,6,0,1.7
121,6,6,1,1.8
122,6,6,2,2.9
123,6,6,3,2.0
124,6,6,4,1.3
125,6,6,5,1.7
126,6,6,6,2.9
127,6,6,7,3.1
128,6,6,8,3.8
129,6,6,9,5.6
130,6,6,10,4.7
131,6,6,11,5.2
132,6,6,12,5.8
133,6,6,13,5.7
134,6,6,14,5.8
135,6,6,15,5.6
136,6,6,16,4.2
137,6,6,17,3.4
138,6,6,18,2.8
139,6,9,17,0.9
140,6,9,18,1.4
141,6,9,19,1.0
142,6,9,20,1.9
143,6,9,21,2.3
144,6,9,22,2.7
145,6,9,23,1.7
146,6,10,0,2.1
147,6,10,1,1.3
148,6,10,2,1.8
149,6,10,3,1.3
150,6,10,4,1.1
151,6,10,5,2.0
152,6,10,6,1.9
153,6,10,7,1.9
154,6,10,8,2.5
155,6,10,9,3.0
156,6,10,10,3.8
157,6,10,11,3.4
158,6,10,12,2.2
159,6,10,13,2.3
160,6,10,14,4.3
161,6,10,15,1.6
162,6,10,16,3.0
163,6,10,17,2.6
164,6,10,18,3.0
165,6,10,19,3.3
166,6,10,20,2.9
167,6,10,21,2.9
168,6,10,22,3.6
169,6,10,23,2.7
170,6,11,0,3.0
171,6,11,1,3.8
172,6,11,2,2.2
173,6,11,3,3.3
174,6,11,4,3.5
175,6,11,5,3.0
176,6,11,6,3.8
177,6,11,7,4.1
178,6,11,8,3.8
179,6,11,9,2.0
180,6,11,10,3.9
181,6,11,11,2.5
182,6,11,12,1.9
183,6,11,13,1.7
184,6,11,14,2.2
185,6,11,15,1.4
186,6,11,16,2.2
187,6,11,17,2.5
188,6,11,18,2.6
189,6,11,19,1.3
190,6,11,20,0.1
191,6,11,21,1.6
192,6,11,22,1.6
193,6,11,23,2.8
194,6,12,0,2.0
195,6,12,1,1.1
196,6,12,2,2.9
197,6,12,3,0.5
198,6,12,4,1.9
199,6,12,5,3.9
200,6,12,6,3.7
201,6,12,7,2.5
202,6,12,8,3.2
203,6,12,9,3.3
204,6,12,10,4.1
205,6,12,11,3.3
206,6,12,12,2.8
207,6,12,13,2.7
208,6,12,14,2.8
209,6,12,15,2.3
210,6,12,16,1.6
211,6,12,17,2.4
212,6,12,18,1.3
213,6,12,19,1.1
214,6,12,20,1.1
215,6,12,21,1.7
216,6,12,22,0.9
217,6,12,23,0.2
218,6,13,0,1.1
219,6,13,1,1.0
220,6,13,2,1.4
221,6,13,3,1.8
222,6,13,4,1.7
223,6,13,5,2.8
224,6,13,6,1.6
225,6,13,7,1.4
226,6,13,8,1.3
227,6,13,9,1.5
228,6,13,10,2.2
229,6,13,11,4.0
230,6,13,12,4.8
231,6,13,13,4.7
232,6,13,14,3.2
233,6,13,15,4.0
234,6,13,16,3.3
235,6,13,17,2.9
236,6,13,18,2.5
237,6,13,19,1.5
238,6,13,20,3.0
239,6,13,21,1.0
240,6,13,22,2.9
241,6,13,23,2.0
242,6,14,0,3.8
243,6,14,1,1.8
244,6,14,2,1.4
245,6,14,3,2.9
246,6,14,4,1.0
247,6,14,5,2.7
248,6,14,6,2.0
249,6,14,7,2.0
250,6,14,8,1.8
251,6,14,9,1.0
252,6,14,10,3.4
253,6,14,11,1.7
254,6,14,12,2.5
255,6,14,13,2.4
256,6,14,14,1.8
257,6,14,15,1.4
258,6,14,16,3.0
259,6,14,17,3.7
260,6,14,18,3.8
261,6,14,19,3.6
262,6,14,20,2.2
263,6,14,21,1.8
264,6,14,22,1.3
265,6,14,23,0.3
266,6,15,0,2.0
267,6,15,1,2.2
268,6,15,2,2.6
269,6,15,3,2.0
270,6,15,4,2.0
271,6,15,5,1.5
272,6,15,6,2.2
273,6,15,7,2.0
274,6,15,8,2.2
275,6,15,9,2.8
276,6,15,10,1.6
277,6,15,11,2.2
278,6,15,12,3.2
279,6,15,13,4.1
280,6,15,14,4.2
281,6,15,15,2.4
282,6,15,16,1.9
283,6,15,17,1.5
284,6,15,18,1.8
285,6,15,19,1.7
286,6,15,20,0.6
287,6,15,21,1.4
288,6,15,22,1.6
289,6,15,23,0.8
290,6,16,0,0.0
291,6,16,1,0.5
292,6,16,2,0.4
293,6,16,3,0.1
294,6,16,4,0.3
295,6,16,5,0.1
296,6,16,6,2.0
297,6,16,7,0.8
298,6,16,8,1.9
299,6,16,9,1.1
300,6,16,10,1.6
301,6,16,11,3.3
302,6,16,12,3.2
303,6,16,13,2.6
304,6,16,14,3.2
305,6,16,15,3.2
306,6,16,16,3.4
307,6,16,17,1.7
308,6,16,18,1.1
309,6,16,19,2.4
310,6,16,20,1.3
311,6,16,21,1.6
312,6,16,22,0.7
313,6,16,23,1.6
314,6,17,0,1.0
315,6,17,1,0.5
316,6,17,2,1.3
317,6,17,3,1.3
318,6,17,4,1.4
319,6,17,5,0.6
320,6,17,6,1.5
321,6,17,7,3.5
322,6,17,8,3.7
323,6,17,9,2.9
324,6,17,10,4.5
325,6,17,11,3.9
326,6,17,12,5.8
327,6,17,13,5.7
328,6,17,14,4.1
329,6,17,15,4.3
330,6,17,16,3.4
331,6,17,17,3.4
332,6,17,18,2.4
333,6,17,19,2.2
334,6,17,20,2.3
335,6,17,21,1.4
336,6,17,22,1.1
337,6,17,23,2.0
338,6,18,0,1.9
339,6,18,1,2.3
340,6,18,2,2.0
341,6,18,3,1.8
342,6,18,4,2.0
343,6,18,5,1.8
344,6,18,6,2.1
345,6,18,7,2.2
346,6,18,8,3.5
347,6,18,9,3.0
348,6,18,10,3.9
349,6,18,11,3.2
350,6,18,12,3.4
351,6,18,13,3.5
352,6,18,14,3.8
353,6,18,15,3.4
354,6,18,16,3.0
355,6,18,17,2.6
356,6,18,18,2.7
357,6,18,19,2.2
358,6,18,20,2.2
359,6,18,21,1.5
360,6,18,22,2.9
361,6,18,23,2.5
362,6,19,2,2.1
363,6,19,3,1.6
364,6,19,5,2.0
365,6,19,6,1.1
366,6,19,7,1.4
367,6,19,8,2.4
368,6,19,9,3.2
369,6,19,10,4.1
370,6,19,11,3.7
371,6,19,12,3.8
372,6,19,13,2.3
373,6,19,14,2.9
374,6,19,16,2.8
375,6,19,17,2.6
376,6,19,18,1.7
377,6,19,19,1.4
378,6,19,20,2.0
379,6,19,21,1.4
380,6,19,22,2.0
381,6,19,23,0.3
382,6,20,0,1.3
383,6,20,1,0.0
384,6,20,2,0.9
385,6,20,3,1.1
386,6,20,4,0.6
387,6,20,5,0.5
388,6,20,6,0.2
389,6,20,7,1.6
390,6,20,8,1.3
391,6,20,9,2.1
392,6,20,10,2.9
393,6,20,11,3.3
394,6,20,12,3.2
395,6,20,13,3.4
396,6,20,14,2.7
397,6,20,15,4.3
398,6,20,16,3.4
399,6,20,17,2.4
400,6,20,18,2.4
401,6,20,19,1.8
402,6,20,20,1.8
403,6,20,21,1.3
404,6,20,22,1.2
405,6,20,23,1.4
406,6,21,0,2.2
407,6,21,1,1.9
408,6,21,2,1.6
409,6,21,3,1.1
410,6,21,4,1.9
411,6,21,5,1.4
412,6,21,6,1.3
413,6,21,7,1.7
414,6,21,8,1.9
415,6,21,9,3.0
416,6,21,10,2.2
417,6,21,11,3.3
418,6,21,12,3.8
419,6,21,13,3.9
420,6,21,14,3.7
421,6,21,15,3.1
422,6,21,16,2.5
423,6,21,17,3.3
424,6,21,18,2.5
425,6,21,19,2.4
426,6,21,20,1.8
427,6,21,21,1.9
428,6,21,22,2.6
429,6,21,23,2.3
430,6,22,0,2.0
431,6,22,1,1.8
432,6,22,2,1.5
433,6,22,3,1.6
434,6,22,4,2.0
435,6,22,5,0.9
436,6,22,6,2.0
437,6,22,7,2.3
438,6,22,8,0.7
439,6,22,9,2.5
440,6,22,10,2.2
441,6,22,11,2.5
442,6,22,12,3.5
443,6,22,13,3.1
444,6,22,14,2.3
445,6,22,15,2.7
446,6,22,16,2.3
447,6,22,17,2.5
448,6,22,18,2.2
449,6,22,19,2.5
450,6,22,20,2.3
451,6,22,21,2.2
452,6,22,22,1.9
453,6,22,23,2.6
454,6,23,0,2.3
455,6,23,1,2.2
456,6,23,2,3.0
457,6,23,3,2.4
458,6,23,4,3.0
459,6,23,5,1.6
460,6,23,6,1.6
461,6,23,7,1.6
462,6,23,8,2.4
463,6,23,9,1.5
464,6,23,10,0.9
465,6,23,11,3.3
466,6,23,12,2.6
467,6,23,13,0.9
468,6,23,14,1.4
469,6,23,15,3.1
470,6,23,16,1.6
471,6,23,17,2.5
472,6,23,18,1.9
473,6,23,19,2.4
474,6,23,20,2.1
475,6,23,21,1.5
476,6,23,22,1.1
477,6,23,23,0.6
478,6,24,0,2.0
479,6,24,1,1.8
480,6,24,2,1.9
481,6,24,3,1.7
482,6,24,4,2.4
483,6,24,5,2.4
484,6,24,6,1.6
485,6,24,7,2.3
486,6,24,8,1.8
487,6,24,9,0.5
488,6,24,10,0.8
489,6,24,11,1.1
490,6,24,12,1.9
491,6,24,13,0.8
492,6,24,14,0.7
493,6,24,15,1.8
494,6,24,16,1.6
495,6,24,17,0.8
496,6,24,18,0.7
497,6,24,19,1.9
498,6,24,20,1.3
499,6,24,21,0.1
500,6,24,22,0.0
501,6,24,23,1.9
502,6,25,0,1.9
503,6,25,1,0.3
504,6,25,2,0.0
505,6,25,3,1.1
506,6,25,4,1.5
507,6,25,5,0.8
508,6,25,6,0.3
509,6,25,7,0.9
510,6,25,8,1.2
511,6,25,9,4.8
512,6,25,10,3.0
513,6,25,11,4.0
514,6,25,12,3.4
515,6,25,13,2.6
516,6,25,14,1.4
517,6,25,15,2.8
518,6,25,16,0.5
519,6,25,17,1.4
520,6,25,18,1.5
521,6,25,19,1.6
522,6,25,20,2.1
523,6,25,21,1.6
524,6,25,22,0.0
525,6,25,23,1.6
526,6,26,0,0.0
527,6,26,1,1.9
528,6,26,2,1.7
529,6,26,3,2.0
530,6,26,4,1.4
531,6,26,5,2.5
532,6,26,6,5.4
533,6,26,7,3.4
534,6,26,8,2.7
535,6,26,9,1.8
536,6,26,10,3.0
537,6,26,11,1.3
538,6,26,12,1.8
539,6,26,13,1.0
540,6,26,14,2.3
541,6,26,15,2.4
542,6,26,16,3.6
543,6,26,17,3.0
544,6,26,18,3.0
545,6,26,19,3.7
546,6,26,20,2.0
547,6,26,21,2.5
548,6,26,22,3.2
549,6,26,23,2.9
550,6,27,0,2.5
551,6,27,1,2.4
552,6,27,2,2.5
553,6,27,3,1.9
554,6,27,4,2.2
555,6,27,5,2.0
556,6,27,6,3.3
557,6,27,7,2.9
558,6,27,8,2.7
559,6,27,9,3.4
560,6,27,10,2.8
561,6,27,11,2.0
562,6,27,12,1.6
563,6,27,13,2.6
564,6,27,14,1.4
565,6,27,15,2.0
566,6,27,16,4.0
567,6,27,17,3.4
568,6,27,18,3.2
569,6,27,19,2.5
570,6,27,20,2.6
571,6,27,21,2.5
572,6,27,22,1.9
573,6,27,23,2.6
574,6,28,0,2.6
575,6,28,1,1.5
576,6,28,2,2.3
577,6,28,3,1.7
578,6,28,4,2.8
579,6,28,5,1.9
580,6,28,6,2.9
581,6,28,7,1.8
582,6,28,8,3.4
583,6,28,9,2.8
584,6,28,10,3.4
585,6,28,11,3.5
586,6,28,12,4.4
587,6,28,13,4.2
588,6,28,14,4.8
589,6,28,15,3.7
590,6,28,16,5.0
591,6,28,17,4.2
592,6,28,18,3.1
593,6,28,19,3.2
594,6,28,20,2.3
595,6,28,21,2.8
596,6,28,22,2.7
597,6,28,23,2.8
598,6,29,0,2.0
599,6,29,1,2.9
600,6,29,2,2.5
601,6,29,3,1.4
602,6,29,4,1.8
603,6,29,5,1.9
604,6,29,6,2.0
605,6,29,7,2.1
606,6,29,8,1.9
607,6,29,9,2.9
608,6,29,10,3.3
609,6,29,11,3.4
610,6,29,12,4.2
611,6,29,13,3.2
612,6,29,14,2.1
613,6,29,15,3.3
614,6,29,16,2.9
615,6,29,17,2.5
616,6,29,18,2.4
617,6,29,19,1.9
618,6,29,20,2.0
619,6,29,21,1.9
620,6,29,22,2.5
621,6,29,23,3.3
622,6,30,0,2.7
623,6,30,1,3.1
624,6,30,2,1.8
625,6,30,3,0.2
626,6,30,4,1.8
627,6,30,5,0.5
628,6,30,6,1.0
629,6,30,7,1.9
630,6,30,8,3.1
631,6,30,9,5.8
632,6,30,10,6.0
633,6,30,11,5.6
634,6,30,12,7.2
635,6,30,13,5.1
636,6,30,14,6.8
637,6,30,15,5.1
638,6,30,16,5.1
639,6,30,17,3.8
640,6,30,18,2.8
641,6,30,19,2.7
642,6,30,20,2.0
643,6,30,21,1.4
644,6,30,22,1.6
645,6,30,23,1.7
646,7,1,0,0.1
647,7,1,1,1.5
648,7,1,2,1.4
649,7,1,3,2.5
650,7,1,4,0.8
651,7,1,5,2.4
652,7,1,6,2.5
653,7,1,7,3.7
654,7,1,8,4.1
655,7,1,9,3.5
656,7,1,10,4.3
657,7,1,11,4.9
658,7,1,12,5.8
659,7,1,13,6.1
660,7,1,14,7.3
661,7,1,15,6.7
662,7,1,16,5.5
663,7,1,17,5.1
664,7,1,18,3.7
665,7,1,19,4.5
666,7,1,20,3.6
667,7,1,21,3.2
668,7,1,22,3.2
669,7,1,23,1.9
670,7,2,0,1.5
671,7,2,1,0.8
672,7,2,2,2.9
673,7,2,3,5.3
674,7,2,4,4.0
675,7,2,5,3.6
676,7,2,6,5.0
677,7,2,7,3.4
678,7,2,8,5.3
679,7,2,9,6.0
680,7,2,10,6.0
681,7,2,11,4.4
682,7,2,12,6.5
683,7,2,13,4.8
684,7,2,14,5.6
685,7,2,15,5.2
686,7,2,16,4.6
687,7,2,17,4.4
688,7,2,18,3.2
689,7,2,19,4.6
690,7,2,20,4.6
691,7,2,21,4.6
692,7,2,22,5.7
693,7,2,23,2.8
694,7,3,0,3.1
695,7,3,1,3.4
696,7,3,2,3.0
697,7,3,3,5.2
698,7,3,4,4.8
699,7,3,5,4.8
700,7,3,6,3.7
701,7,3,7,3.6
702,7,3,8,2.5
703,7,3,9,0.5
704,7,3,10,2.0
705,7,3,11,3.2
706,7,3,12,2.9
707,7,3,13,1.5
708,7,3,14,3.7
709,7,3,15,4.2
710,7,3,16,4.5
711,7,3,17,3.5
712,7,3,18,5.0
713,7,3,19,3.3
714,7,3,20,4.3
715,7,3,21,2.5
716,7,3,22,3.6
717,7,3,23,3.9
718,7,4,0,4.5
719,7,4,1,3.5
720,7,4,2,2.5
721,7,4,3,4.0
722,7,4,4,2.8
723,7,4,5,3.9
724,7,4,6,4.2
725,7,4,7,4.2
726,7,4,8,4.7
727,7,4,9,4.6
728,7,4,10,3.4
729,7,4,11,3.7
730,7,4,12,2.7
731,7,4,13,3.3
732,7,4,14,1.9
733,7,4,15,2.0
734,7,4,16,2.2
735,7,4,17,2.5
736,7,4,18,1.5
737,7,4,19,2.0
738,7,4,20,2.5
739,7,4,21,1.8
740,7,4,22,1.9
741,7,4,23,1.9
742,7,5,0,2.2
743,7,5,1,2.9
744,7,5,2,3.9
745,7,5,3,2.5
746,7,5,4,2.2
747,7,5,5,2.1
748,7,5,6,2.0
749,7,5,7,3.8
750,7,5,8,2.8
751,7,5,9,5.6
752,7,5,10,2.1
753,7,5,11,2.3
754,7,5,12,2.1
755,7,5,13,1.3
756,7,5,14,2.8
757,7,5,15,2.4
758,7,5,16,1.9
759,7,5,17,2.4
760,7,5,18,2.3
761,7,5,19,1.3
762,7,5,20,1.9
763,7,5,21,1.4
764,7,5,22,2.0
765,7,5,23,1.6
766,7,6,0,1.7
767,7,6,1,2.0
768,7,6,2,1.7
769,7,6,3,2.3
770,7,6,4,2.6
771,7,6,5,2.6
772,7,6,6,3.4
773,7,6,7,1.9
774,7,6,8,3.5
775,7,6,9,3.4
776,7,6,10,3.9
777,7,6,11,3.8
778,7,6,12,4.2
779,7,6,13,2.8
780,7,6,14,2.2
781,7,6,15,4.5
782,7,6,16,3.0
783,7,6,17,2.0
784,7,6,18,1.6
785,7,6,19,1.6
786,7,6,20,2.7
787,7,6,21,2.5
788,7,6,22,1.7
789,7,6,23,2.3
790,7,7,0,3.4
791,7,7,1,2.4
792,7,7,2,2.5
793,7,7,3,2.7
794,7,7,4,2.0
795,7,7,5,3.9
796,7,7,6,2.8
797,7,7,7,2.5
798,7,7,8,2.6
799,7,7,9,2.7
800,7,7,10,3.6
801,7,7,11,3.2
802,7,7,12,2.6
803,7,7,13,2.2
804,7,7,14,3.6
805,7,7,15,2.4
806,7,7,16,2.1
807,7,7,17,2.5
808,7,7,18,3.8
809,7,7,19,2.9
810,7,7,20,3.1
811,7,7,21,3.5
812,7,7,22,3.0
813,7,7,23,2.7
814,7,8,0,2.9
815,7,8,1,3.0
816,7,8,2,2.8
817,7,8,3,2.7
818,7,8,4,2.0
819,7,8,5,2.0
820,7,8,6,0.8
821,7,8,7,1.5
822,7,8,8,0.9
823,7,8,9,0.0
824,7,8,10,2.3
825,7,8,11,2.1
826,7,8,12,4.1
827,7,8,13,3.3
828,7,8,14,2.9
829,7,8,15,3.5
830,7,8,16,3.1
831,7,8,17,2.2
832,7,8,18,3.1
833,7,8,19,3.6
834,7,8,20,2.5
835,7,8,21,2.6
836,7,8,22,2.8
837,7,8,23,3.3
838,7,9,0,2.9
839,7,9,1,2.7
840,7,9,2,2.5
841,7,9,3,2.6
842,7,9,4,3.3
843,7,9,5,1.9
844,7,9,6,2.9
845,7,9,7,2.9
846,7,9,8,0.6
847,7,9,9,1.6
848,7,9,10,0.7
849,7,9,11,3.0
850,7,9,12,2.1
851,7,9,13,2.5
852,7,9,14,2.5
853,7,9,15,2.9
854,7,9,16,4.5
855,7,9,17,2.7
856,7,9,18,2.7
857,7,9,19,2.4
858,7,9,20,2.5
859,7,9,21,3.2
860,7,9,22,2.7
861,7,9,23,2.1
862,7,10,0,2.8
863,7,10,1,2.3
864,7,10,2,3.2
865,7,10,3,2.1
866,7,10,4,1.7
867,7,10,5,2.0
868,7,10,6,3.0
869,7,10,7,3.2
870,7,10,8,4.0
871,7,10,9,5.1
872,7,10,10,3.3
873,7,10,11,3.9
874,7,10,12,3.2
875,7,10,13,5.1
876,7,10,14,4.6
877,7,10,15,3.0
878,7,10,16,2.2
879,7,10,17,1.8
880,7,10,18,3.3
881,7,10,19,4.0
882,7,10,20,3.6
883,7,10,21,3.7
884,7,10,22,4.1
885,7,10,23,2.2
886,7,11,0,2.0
887,7,11,1,3.9
888,7,11,2,2.6
889,7,11,3,3.5
890,7,11,4,4.2
891,7,11,5,3.5
892,7,11,6,2.7
893,7,11,7,2.3
894,7,11,8,3.5
895,7,11,9,4.4
896,7,11,10,3.0
897,7,11,11,4.3
898,7,11,12,3.4
899,7,11,13,2.3
900,7,11,14,2.6
901,7,11,15,1.9
902,7,11,16,2.2
903,7,11,17,3.1
904,7,11,18,3.3
905,7,11,19,2.3
906,7,11,20,2.4
907,7,11,21,2.2
908,7,11,22,2.3
909,7,11,23,3.2
910,7,12,0,2.6
911,7,12,1,1.6
912,7,12,2,1.1
913,7,12,3,0.6
914,7,12,4,0.9
915,7,12,5,1.7
916,7,12,6,2.4
917,7,12,7,2.5
918,7,12,8,3.3
919,7,12,9,2.8
920,7,12,10,3.8
921,7,12,11,4.5
922,7,12,12,3.9
923,7,12,13,4.3
924,7,12,14,4.7
925,7,12,15,4.5
926,7,12,16,3.4
927,7,12,17,4.0
928,7,12,18,2.8
929,7,12,19,2.7
930,7,12,20,2.1
931,7,12,21,2.9
932,7,12,22,2.7
933,7,12,23,2.0
934,7,13,0,2.6
935,7,13,1,2.4
936,7,13,2,3.4
937,7,13,3,2.5
938,7,13,4,3.5
939,7,13,5,2.0
940,7,13,6,2.7
941,7,13,7,3.1
942,7,13,8,1.3
943,7,13,9,2.3
944,7,13,10,3.5
945,7,13,11,2.6
946,7,13,12,2.8
947,7,13,13,2.6
948,7,13,14,2.5
949,7,13,15,3.0
950,7,13,16,2.5
951,7,13,17,2.4
952,7,13,18,1.7
953,7,13,19,1.5
954,7,13,20,2.3
955,7,13,21,1.8
956,7,13,22,1.6
957,7,13,23,2.0
958,7,14,0,1.5
959,7,14,1,2.3
960,7,14,2,1.0
961,7,14,3,2.0
962,7,14,4,2.7
963,7,14,5,1.5
964,7,14,6,2.5
965,7,14,7,2.6
966,7,14,8,1.2
967,7,14,9,2.5
968,7,14,10,3.5
969,7,14,11,2.8
970,7,14,12,2.8
971,7,14,13,3.8
972,7,14,14,3.5
973,7,14,15,2.8
974,7,14,16,3.2
975,7,14,17,2.8
976,7,14,18,2.4
977,7,14,19,1.5
978,7,14,20,1.5
979,7,14,21,1.2
980,7,14,22,1.6
981,7,14,23,1.5
982,7,15,0,1.8
983,7,15,1,0.7
984,7,15,2,1.3
985,7,15,3,1.3
986,7,15,4,0.0
987,7,15,5,0.1
988,7,15,6,0.8
989,7,15,7,0.2
990,7,15,8,0.4
991,7,15,9,2.5
992,7,15,10,2.8
993,7,15,11,3.8
994,7,15,12,4.5
995,7,15,13,3.5
996,7,15,14,3.4
997,7,15,15,3.5
998,7,15,16,3.7
999,7,15,17,2.6
1000,7,15,18,1.2
1001,7,15,19,1.6
1002,7,15,20,0.9
1003,7,15,21,1.2
1004,7,15,22,1.8
1005,7,15,23,0.8
1006,7,16,0,1.6
1007,7,16,1,1.9
1008,7,16,2,1.8
1009,7,16,3,1.3
1010,7,16,4,2.2
1011,7,16,5,1.6
1012,7,16,6,2.6
1013,7,16,7,3.0
1014,7,16,8,3.9
1015,7,16,9,4.1
1016,7,16,10,3.5
1017,7,16,11,3.8
1018,7,16,12,5.2
1019,7,16,13,5.8
1020,7,16,14,5.0
1021,7,16,15,5.5
1022,7,16,16,4.9
1023,7,16,17,4.2
1024,7,16,18,2.8
1025,7,16,19,2.8
1026,7,16,20,2.7
1027,7,16,21,3.2
1028,7,16,22,1.6
1029,7,16,23,1.5
1030,7,17,0,2.9
1031,7,17,1,2.5
1032,7,17,2,2.5
1033,7,17,3,1.6
1034,7,17,4,1.1
1035,7,17,5,2.4
1036,7,17,6,2.3
1037,7,17,7,1.8
1038,7,17,8,2.0
1039,7,17,9,1.8
1040,7,17,10,3.1
1041,7,17,11,4.0
1042,7,17,12,3.7
1043,7,17,13,2.6
1044,7,17,14,1.5
1045,7,17,15,1.9
1046,7,17,16,2.3
1047,7,17,17,2.5
1048,7,17,18,2.4
1049,7,17,19,2.1
1050,7,17,20,1.8
1051,7,17,21,2.3
1052,7,17,22,2.9
1053,7,17,23,2.5
1054,7,18,0,3.2
1055,7,18,1,2.4
1056,7,18,2,2.9
1057,7,18,3,3.2
1058,7,18,4,3.3
1059,7,18,5,2.5
1060,7,18,6,2.4
1061,7,18,7,1.1
1062,7,18,8,2.7
1063,7,18,9,3.1
1064,7,18,10,3.0
1065,7,18,11,5.8
1066,7,18,12,6.0
1067,7,18,13,5.3
1068,7,18,14,3.7
1069,7,18,15,3.7
1070,7,18,16,3.6
1071,7,18,17,2.5
1072,7,18,18,2.1
1073,7,18,19,1.4
1074,7,18,20,3.5
1075,7,18,21,1.4
1076,7,18,22,0.2
1077,7,18,23,1.3
1078,7,19,0,2.4
1079,7,19,1,1.9
1080,7,19,2,3.2
1081,7,19,3,2.0
1082,7,19,4,1.9
1083,7,19,5,3.2
1084,7,19,6,2.5
1085,7,19,7,4.1
1086,7,19,8,3.8
1087,7,19,9,4.3
1088,7,19,10,4.0
1089,7,19,11,1.4
1090,7,19,12,0.9
1091,7,19,13,1.6
1092,7,19,14,2.7
1093,7,19,15,3.4
1094,7,19,16,3.4
1095,7,19,17,2.0
1096,7,19,18,3.8
1097,7,19,19,4.7
1098,7,19,20,4.1
1099,7,19,21,4.5
1100,7,19,22,3.8
1101,7,19,23,3.7
1102,7,20,0,3.8
1103,7,20,1,3.4
1104,7,20,2,2.7
1105,7,20,3,2.9
1106,7,20,4,3.0
1107,7,20,5,3.3
1108,7,20,6,2.8
1109,7,20,7,2.5
1110,7,20,8,3.8
1111,7,20,9,4.0
1112,7,20,10,1.1
1113,7,20,11,2.0
1114,7,20,12,1.1
1115,7,20,13,2.4
1116,7,20,14,2.9
1117,7,20,15,2.0
1118,7,20,16,1.6
1119,7,20,17,2.7
1120,7,20,18,2.6
1121,7,20,19,3.8
1122,7,20,20,2.5
1123,7,20,21,1.9
1124,7,20,22,3.0
1125,7,20,23,2.2
1126,7,21,0,3.3
1127,7,21,1,2.9
1128,7,21,2,2.6
1129,7,21,3,3.0
1130,7,21,4,2.8
1131,7,21,5,2.2
1132,7,21,6,1.9
1133,7,21,7,1.7
1134,7,21,8,3.0
1135,7,21,9,2.8
1136,7,21,10,3.1
1137,7,21,11,4.1
1138,7,21,12,3.0
1139,7,21,13,2.5
1140,7,21,14,3.2
1141,7,21,15,2.8
1142,7,21,16,1.8
1143,7,21,17,1.3
1144,7,21,18,2.8
1145,7,21,19,1.6
1146,7,21,20,1.4
1147,7,21,21,2.2
1148,7,21,22,1.8
1149,7,21,23,1.1
1150,7,22,0,2.0
1151,7,22,1,1.4
1152,7,22,2,1.3
1153,7,22,3,1.6
1154,7,22,4,3.1
1155,7,22,5,2.7
1156,7,22,6,2.8
1157,7,22,7,3.4
1158,7,22,8,4.8
1159,7,22,9,4.8
1160,7,22,10,4.6
1161,7,22,11,4.7
1162,7,22,12,3.8
1163,7,22,13,4.2
1164,7,22,14,5.4
1165,7,22,15,4.5
1166,7,22,16,5.1
1167,7,22,17,3.7
1168,7,22,18,3.4
1169,7,22,19,1.9
1170,7,22,20,2.7
1171,7,22,21,2.4
1172,7,22,22,2.8
1173,7,22,23,2.3
1174,7,23,0,2.7
1175,7,23,1,0.6
1176,7,23,2,0.9
1177,7,23,3,1.7
1178,7,23,4,1.6
1179,7,23,5,2.0
1180,7,23,6,1.9
1181,7,23,7,2.0
1182,7,23,8,3.6
1183,7,23,9,4.1
1184,7,23,10,5.1
1185,7,23,11,5.3
1186,7,23,12,4.9
1187,7,23,13,5.5
1188,7,23,14,5.7
1189,7,23,15,4.1
1190,7,23,16,2.8
1191,7,23,17,1.4
1192,7,23,18,1.9
1193,7,23,19,1.3
1194,7,23,20,1.5
1195,7,23,21,1.6
1196,7,23,22,2.4
1197,7,23,23,1.5
1198,7,24,0,2.5
1199,7,24,1,1.4
1200,7,24,2,2.2
1201,7,24,3,2.3
1202,7,24,4,2.4
1203,7,24,5,2.9
1204,7,24,6,2.7
1205,7,24,7,2.7
1206,7,24,8,2.6
1207,7,24,9,2.9
1208,7,24,10,3.5
1209,7,24,11,4.1
1210,7,24,12,3.4
1211,7,24,13,4.0
1212,7,24,14,3.5
1213,7,24,15,3.0
1214,7,24,16,3.2
1215,7,24,17,1.3
1216,7,24,18,1.6
1217,7,24,19,2.1
1218,7,24,20,1.0
1219,7,24,21,1.6
1220,7,24,22,1.8
1221,7,24,23,0.4
1222,7,25,0,0.8
1223,7,25,1,1.1
1224,7,25,2,1.1
1225,7,25,3,0.3
1226,7,25,4,0.8
1227,7,25,5,1.8
1228,7,25,6,1.4
1229,7,25,7,1.4
1230,7,25,8,1.8
1231,7,25,9,2.4
1232,7,25,10,2.8
1233,7,25,11,3.1
1234,7,25,12,3.2
1235,7,25,13,4.2
1236,7,25,14,3.7
1237,7,25,15,3.9
1238,7,25,16,2.8
1239,7,25,17,3.1
1240,7,25,18,2.4
1241,7,25,19,1.4
1242,7,25,20,2.0
1243,7,25,21,1.7
1244,7,25,22,1.5
1245,7,25,23,1.2
1246,7,26,0,1.4
1247,7,26,1,0.9
1248,7,26,2,1.5
1249,7,26,3,1.8
1250,7,26,4,1.6
1251,7,26,5,2.5
1252,7,26,6,1.0
1253,7,26,7,1.6
1254,7,26,8,2.2
1255,7,26,9,1.6
1256,7,26,10,2.6
1257,7,26,11,3.2
1258,7,26,12,3.9
1259,7,26,13,4.3
1260,7,26,14,4.2
1261,7,26,15,2.6
1262,7,26,16,1.6
1263,7,26,17,2.0
1264,7,26,18,0.6
1265,7,26,19,1.2
1266,7,26,20,1.6
1267,7,26,21,2.7
1268,7,26,22,2.3
1269,7,26,23,2.3
1270,7,27,0,1.9
1271,7,27,1,2.0
1272,7,27,2,1.1
1273,7,27,3,1.3
1274,7,27,4,1.4
1275,7,27,5,1.2
1276,7,27,6,1.4
1277,7,27,7,2.4
1278,7,27,8,2.5
1279,7,27,9,2.3
1280,7,27,10,3.1
1281,7,27,11,2.8
1282,7,27,12,4.5
1283,7,27,13,3.1
1284,7,27,14,2.5
1285,7,27,15,2.7
1286,7,27,16,2.9
1287,7,27,17,0.7
1288,7,27,18,1.9
1289,7,27,19,2.4
1290,7,27,20,1.6
1291,7,27,21,1.1
1292,7,27,22,0.6
1293,7,27,23,1.3
1294,7,28,0,2.3
1295,7,28,1,2.0
1296,7,28,2,1.7
1297,7,28,3,1.9
1298,7,28,4,0.8
1299,7,28,5,1.9
1300,7,28,6,0.2
1301,7,28,7,0.2
1302,7,28,8,2.7
1303,7,28,9,2.7
1304,7,28,10,3.3
1305,7,28,11,2.9
1306,7,28,12,3.0
1307,7,28,13,4.3
1308,7,28,14,3.3
1309,7,28,15,2.1
1310,7,28,16,1.1
1311,7,28,17,1.1
1312,7,28,18,0.9
1313,7,28,19,1.3
1314,7,28,20,2.0
1315,7,28,21,1.6
1316,7,28,22,1.1
1317,7,28,23,1.5
1318,7,29,0,0.8
1319,7,29,1,1.4
1320,7,29,2,1.0
1321,7,29,3,0.9
1322,7,29,4,0.2
1323,7,29,5,1.5
1324,7,29,6,0.9
1325,7,29,7,3.2
1326,7,29,8,2.6
1327,7,29,9,3.2
1328,7,29,10,3.5
1329,7,29,11,2.8
1330,7,29,12,3.5
1331,7,29,13,4.0
1332,7,29,14,4.5
1333,7,29,15,2.7
1334,7,29,16,3.0
1335,7,29,17,3.3
1336,7,29,18,2.3
1337,7,29,19,2.8
1338,7,29,20,2.3
1339,7,29,21,0.9
1340,7,29,22,2.0
1341,7,29,23,0.9
1342,7,30,0,1.0
1343,7,30,1,1.7
1344,7,30,2,0.8
1345,7,30,3,0.1
1346,7,30,4,0.7
1347,7,30,5,1.5
1348,7,30,6,2.1
1349,7,30,7,2.6
1350,7,30,8,2.0
1351,7,30,9,1.3
1352,7,30,10,2.2
1353,7,30,11,4.1
1354,7,30,12,2.5
1355,7,30,13,4.4
1356,7,30,14,4.6
1357,7,30,15,4.2
1358,7,30,16,3.1
1359,7,30,17,2.0
1360,7,30,18,2.3
1361,7,30,19,1.9
1362,7,30,20,1.4
1363,7,30,21,0.8
1364,7,30,22,1.3
1365,7,30,23,1.1
1366,7,31,0,1.1
1367,7,31,1,2.4
1368,7,31,2,1.6
1369,7,31,3,1.4
1370,7,31,4,0.6
1371,7,31,5,1.1
1372,7,31,6,1.4
1373,7,31,7,3.5
1374,7,31,8,3.1
1375,7,31,9,1.5
1376,7,31,10,2.3
1377,7,31,11,3.7
1378,7,31,12,3.9
1379,7,31,13,4.0
1380,7,31,14,4.5
1381,7,31,15,2.7
1382,7,31,16,3.9
1383,7,31,17,4.2
1384,7,31,18,2.0
1385,7,31,19,2.3
1386,7,31,20,2.6
1387,7,31,21,0.3
1388,7,31,22,1.9
1389,7,31,23,1.7
1390,8,1,0,1.9
1391,8,1,1,1.0
1392,8,1,2,1.5
1393,8,1,3,1.4
1394,8,1,4,1.6
1395,8,1,5,1.4
1396,8,1,6,0.4
1397,8,1,7,0.8
1398,8,1,8,2.5
1399,8,1,9,2.2
1400,8,1,10,1.7
1401,8,1,11,2.6
1402,8,1,12,1.9
1403,8,1,13,2.4
1404,8,1,14,2.8
1405,8,1,15,2.5
1406,8,1,16,4.2
1407,8,1,17,2.0
1408,8,1,18,0.0
1409,8,1,19,2.3
1410,8,1,20,1.1
1411,8,1,21,1.5
1412,8,1,22,1.1
1413,8,1,23,1.9
1414,8,2,0,0.4
1415,8,2,1,0.2
1416,8,2,2,0.3
1417,8,2,3,0.2
1418,8,2,4,0.3
1419,8,2,5,1.0
1420,8,2,6,1.5
1421,8,2,7,1.4
1422,8,2,8,1.2
1423,8,2,9,3.6
1424,8,2,10,2.0
1425,8,2,11,2.6
1426,8,2,12,2.8
1427,8,2,13,4.3
1428,8,2,14,7.3
1429,8,2,15,1.4
1430,8,2,16,3.2
1431,8,2,17,3.0
1432,8,2,18,2.4
1433,8,2,19,1.4
1434,8,2,20,2.0
1435,8,2,21,0.8
1436,8,2,22,0.3
1437,8,2,23,1.5
1438,8,3,0,1.3
1439,8,3,1,1.1
1440,8,3,2,1.2
1441,8,3,3,1.9
1442,8,3,4,1.0
1443,8,3,5,1.8
1444,8,3,6,1.4
1445,8,3,7,0.2
1446,8,3,8,1.3
1447,8,3,9,2.2
1448,8,3,10,3.3
1449,8,3,11,3.8
1450,8,3,12,3.8
1451,8,3,13,5.2
1452,8,3,14,4.9
1453,8,3,15,5.5
1454,8,3,16,3.0
1455,8,3,17,2.3
1456,8,3,18,3.3
1457,8,3,19,1.4
1458,8,3,20,2.9
1459,8,3,21,1.1
1460,8,3,22,1.2
1461,8,3,23,2.4
1462,8,4,0,2.0
1463,8,4,1,0.7
1464,8,4,2,2.1
1465,8,4,3,1.6
1466,8,4,4,1.4
1467,8,4,5,0.9
1468,8,4,6,1.8
1469,8,4,7,1.1
1470,8,4,8,1.3
1471,8,4,9,2.0
1472,8,4,10,3.5
1473,8,4,11,3.9
1474,8,4,12,2.5
1475,8,4,13,3.0
1476,8,4,14,3.1
1477,8,4,15,3.9
1478,8,4,16,4.2
1479,8,4,17,3.7
1480,8,4,18,2.8
1481,8,4,19,2.1
1482,8,4,20,0.6
1483,8,4,21,1.1
1484,8,4,22,1.9
1485,8,4,23,0.8
1486,8,5,0,1.3
1487,8,5,1,1.6
1488,8,5,2,0.9
1489,8,5,3,1.3
1490,8,5,4,0.7
1491,8,5,5,1.7
1492,8,5,6,0.0
1493,8,5,7,1.3
1494,8,5,8,2.4
1495,8,5,9,1.0
1496,8,5,10,2.0
1497,8,5,11,2.2
1498,8,5,12,3.2
1499,8,5,13,3.3
1500,8,5,14,3.0
1501,8,5,15,3.3
1502,8,5,16,2.5
1503,8,5,17,4.1
1504,8,5,18,2.1
1505,8,5,19,1.8
1506,8,5,20,0.7
1507,8,5,21,1.3
1508,8,5,22,1.3
1509,8,5,23,1.7
1510,8,6,0,1.5
1511,8,6,1,1.3
1512,8,6,2,0.9
1513,8,6,3,0.7
1514,8,6,4,1.2
1515,8,6,5,0.3
1516,8,6,6,0.0
1517,8,6,7,0.7
1518,8,6,8,0.9
1519,8,6,9,1.7
1520,8,6,10,2.3
1521,8,6,11,3.3
1522,8,6,12,4.3
1523,8,6,13,4.3
1524,8,6,14,4.0
1525,8,6,15,3.0
1526,8,6,16,2.8
1527,8,6,17,1.1
1528,8,6,18,2.2
1529,8,6,19,2.5
1530,8,6,20,2.0
1531,8,6,21,2.7
1532,8,6,22,3.3
1533,8,6,23,2.7
1534,8,7,0,3.0
1535,8,7,1,3.1
1536,8,7,2,3.0
1537,8,7,3,2.7
1538,8,7,4,3.3
1539,8,7,5,3.5
1540,8,7,6,1.4
1541,8,7,7,1.3
1542,8,7,8,1.6
1543,8,7,9,0.6
1544,8,7,10,2.5
1545,8,7,11,2.0
1546,8,7,12,3.7
1547,8,7,13,3.4
1548,8,7,14,5.5
1549,8,7,15,4.4
1550,8,7,16,2.3
1551,8,7,17,2.9
1552,8,7,18,1.1
1553,8,7,19,2.1
1554,8,7,20,2.5
1555,8,7,21,2.4
1556,8,7,22,2.1
1557,8,7,23,2.4
